-- ADD SEEDER TO ALL TABLE --


--
-- Data for Name: siak_batas_sks; Type: TABLE DATA; Schema: public; Owner: postgres
--

INSERT INTO public.siak_batas_sks (id, siak_jenjang_id, ips_min, ips_max, batas_sks, is_deleted, created_at, updated_at) VALUES ('22464035-0817-44ae-800c-557ab32282b8', '00000000-0000-0000-0000-000000000010', 0.00, 2.50, 18, false, '2025-06-08 09:45:39.447483', NULL);
INSERT INTO public.siak_batas_sks (id, siak_jenjang_id, ips_min, ips_max, batas_sks, is_deleted, created_at, updated_at) VALUES ('42e4568c-45f0-4a41-98ea-3ce8048732f5', '00000000-0000-0000-0000-000000000011', 2.51, 2.99, 21, false, '2025-06-08 09:45:39.447483', NULL);
INSERT INTO public.siak_batas_sks (id, siak_jenjang_id, ips_min, ips_max, batas_sks, is_deleted, created_at, updated_at) VALUES ('858e2498-f131-48fe-98d9-fcb705261252', '00000000-0000-0000-0000-000000000012', 3.00, 4.00, 24, false, '2025-06-08 09:45:39.447483', NULL);

--
-- Data for Name: siak_tahun_ajaran; Type: TABLE DATA; Schema: public; Owner: postgres
--

INSERT INTO public.siak_tahun_ajaran (id, tahun, nama, is_deleted, created_at, updated_at) VALUES ('0eb86e94-20d3-47e5-b26c-9564d236649f', '2024', '2024/2025', false, '2025-06-08 09:13:23.256813', NULL);
INSERT INTO public.siak_tahun_ajaran (id, tahun, nama, is_deleted, created_at, updated_at) VALUES ('cf0e9af1-a021-4bd5-8e0e-fad34798b900', '2025', '2025/2026', false, '2025-06-08 09:13:33.628823', NULL);

--
-- Data for Name: siak_periode_akademik; Type: TABLE DATA; Schema: public; Owner: postgres
--

INSERT INTO public.siak_periode_akademik (id, siak_tahun_ajaran_id, nama_periode, kode_periode, tanggal_mulai, tanggal_selesai, status, is_deleted, created_at, updated_at) VALUES ('23cfecce-b4c2-4451-809f-00edec47e645', 'cf0e9af1-a021-4bd5-8e0e-fad34798b900', '2025 Ganjil', '20251', '2025-09-30', '2025-12-31', 'inaktif', false, '2025-06-08 09:16:42.297142', NULL);
INSERT INTO public.siak_periode_akademik (id, siak_tahun_ajaran_id, nama_periode, kode_periode, tanggal_mulai, tanggal_selesai, status, is_deleted, created_at, updated_at) VALUES ('9b1a146e-7a4c-459c-80df-2ecce6fc95f1', 'cf0e9af1-a021-4bd5-8e0e-fad34798b900', '2025 Genap', '20252', '2025-01-01', '2025-06-30', 'inaktif', false, '2025-06-08 09:16:42.297142', NULL);
INSERT INTO public.siak_periode_akademik (id, siak_tahun_ajaran_id, nama_periode, kode_periode, tanggal_mulai, tanggal_selesai, status, is_deleted, created_at, updated_at) VALUES ('313e3b69-3ad6-44c7-9ca2-697ef76a323f', '0eb86e94-20d3-47e5-b26c-9564d236649f', '2024 Genap', '20242', '2025-01-01', '2025-06-30', 'inaktif', false, '2025-06-08 09:16:42.297142', NULL);
INSERT INTO public.siak_periode_akademik (id, siak_tahun_ajaran_id, nama_periode, kode_periode, tanggal_mulai, tanggal_selesai, status, is_deleted, created_at, updated_at) VALUES ('e978217c-3b10-48c4-aeb3-33050add3abe', '0eb86e94-20d3-47e5-b26c-9564d236649f', '2024 Ganjil', '20241', '2024-09-30', '2024-12-31', 'aktif', false, '2025-06-08 09:16:42.297142', NULL);

--
-- Data for Name: siak_tahun_kurikulum; Type: TABLE DATA; Schema: public; Owner: postgres
--

INSERT INTO public.siak_tahun_kurikulum (id, siak_periode_akademik_id, keterangan, tahun, tanggal_mulai, tanggal_selesai, is_deleted, created_at, updated_at) VALUES ('8f383ece-dbd7-4412-8dd9-a7464519dca5', 'e978217c-3b10-48c4-aeb3-33050add3abe', 'Kurikulum 2024', '2024', '2024-09-01', '2025-08-31', false, '2025-06-08 09:18:27.113829', NULL);
INSERT INTO public.siak_tahun_kurikulum (id, siak_periode_akademik_id, keterangan, tahun, tanggal_mulai, tanggal_selesai, is_deleted, created_at, updated_at) VALUES ('c2e767fd-0063-4b1f-935a-89c197160703', '23cfecce-b4c2-4451-809f-00edec47e645', 'Kurikulum 2025', '2025', '2025-09-01', '2026-08-31', false, '2025-06-08 09:18:27.113829', NULL);

--
-- Data for Name: siak_mata_kuliah; Type: TABLE DATA; Schema: public; Owner: postgres
--

INSERT INTO public.siak_mata_kuliah (id, siak_program_studi_id, siak_tahun_kurikulum_id, semester, nilai_min, sks_tatap_muka, sks_praktikum, ada_praktikum, opsi_mata_kuliah, kode_mata_kuliah, nama_mata_kuliah, jenis_mata_kuliah, prasyarat_mata_kuliah_1, prasyarat_mata_kuliah_2, prasyarat_mata_kuliah_3, is_deleted, created_at, updated_at) VALUES ('e91323d4-5d69-4618-a7ec-ed0156b4376f', '14bab8ca-c3ab-44f2-88f5-e5065144c9e2', '8f383ece-dbd7-4412-8dd9-a7464519dca5', 1, 'D', 2, 1, true, true, 'TIF193', 'Teknik Digital dan Rangkaian Logika', 'Kuliah', NULL, NULL, NULL, false, '2025-06-08 09:51:11.638666', NULL);
INSERT INTO public.siak_mata_kuliah (id, siak_program_studi_id, siak_tahun_kurikulum_id, semester, nilai_min, sks_tatap_muka, sks_praktikum, ada_praktikum, opsi_mata_kuliah, kode_mata_kuliah, nama_mata_kuliah, jenis_mata_kuliah, prasyarat_mata_kuliah_1, prasyarat_mata_kuliah_2, prasyarat_mata_kuliah_3, is_deleted, created_at, updated_at) VALUES ('b6c01270-3824-4130-b88f-3fdc550c4db5', '14bab8ca-c3ab-44f2-88f5-e5065144c9e2', '8f383ece-dbd7-4412-8dd9-a7464519dca5', 1, 'D', 2, 0, false, true, 'TIF103', 'Matematika Diskrit', 'Kuliah', NULL, NULL, NULL, false, '2025-06-08 09:52:05.866821', NULL);
INSERT INTO public.siak_mata_kuliah (id, siak_program_studi_id, siak_tahun_kurikulum_id, semester, nilai_min, sks_tatap_muka, sks_praktikum, ada_praktikum, opsi_mata_kuliah, kode_mata_kuliah, nama_mata_kuliah, jenis_mata_kuliah, prasyarat_mata_kuliah_1, prasyarat_mata_kuliah_2, prasyarat_mata_kuliah_3, is_deleted, created_at, updated_at) VALUES ('34263153-87f7-452e-b4f7-a41f24d0bd1c', '14bab8ca-c3ab-44f2-88f5-e5065144c9e2', '8f383ece-dbd7-4412-8dd9-a7464519dca5', 1, 'D', 3, 0, false, true, 'TIF191 ', 'Kalkulus I', 'Kuliah', NULL, NULL, NULL, false, '2025-06-08 09:52:48.469024', NULL);
INSERT INTO public.siak_mata_kuliah (id, siak_program_studi_id, siak_tahun_kurikulum_id, semester, nilai_min, sks_tatap_muka, sks_praktikum, ada_praktikum, opsi_mata_kuliah, kode_mata_kuliah, nama_mata_kuliah, jenis_mata_kuliah, prasyarat_mata_kuliah_1, prasyarat_mata_kuliah_2, prasyarat_mata_kuliah_3, is_deleted, created_at, updated_at) VALUES ('8098bd54-68e4-42c4-8bb0-65f0acc6f9b5', '14bab8ca-c3ab-44f2-88f5-e5065144c9e2', '8f383ece-dbd7-4412-8dd9-a7464519dca5', 2, 'D', 3, 0, false, true, 'TIF192 ', 'Kalkulus II', 'Kuliah', '34263153-87f7-452e-b4f7-a41f24d0bd1c', NULL, NULL, false, '2025-06-08 11:10:22.570639', NULL);

--
-- Data for Name: siak_capaian_mata_kuliah; Type: TABLE DATA; Schema: public; Owner: postgres
--

INSERT INTO public.siak_capaian_mata_kuliah (id, siak_mata_kuliah_id, kode_cpmk, deskripsi_cpmk, is_deleted, created_at, updated_at) VALUES ('5d52b4f3-e32d-4f71-bc9d-158da91a8da9', '34263153-87f7-452e-b4f7-a41f24d0bd1c', 'CPMKK-01', 'Lorem 1', false, '2025-06-09 04:33:16.365977', NULL);
INSERT INTO public.siak_capaian_mata_kuliah (id, siak_mata_kuliah_id, kode_cpmk, deskripsi_cpmk, is_deleted, created_at, updated_at) VALUES ('7440afc0-629e-46f7-9cce-c6f43c717d43', '34263153-87f7-452e-b4f7-a41f24d0bd1c', 'CPMKK-02', 'Lorem 2', false, '2025-06-09 04:33:16.365977', NULL);
INSERT INTO public.siak_capaian_mata_kuliah (id, siak_mata_kuliah_id, kode_cpmk, deskripsi_cpmk, is_deleted, created_at, updated_at) VALUES ('4e6c786f-b6c8-4571-bfda-24795e6b52a8', '34263153-87f7-452e-b4f7-a41f24d0bd1c', 'CPMKK-03', 'Lorem 3', false, '2025-06-09 04:33:16.365977', NULL);
INSERT INTO public.siak_capaian_mata_kuliah (id, siak_mata_kuliah_id, kode_cpmk, deskripsi_cpmk, is_deleted, created_at, updated_at) VALUES ('35761de7-2a88-4131-9fa5-75d3ce4d9d85', '34263153-87f7-452e-b4f7-a41f24d0bd1c', 'CPMKK-04', 'Lorem 4', false, '2025-06-09 04:33:16.365977', NULL);
INSERT INTO public.siak_capaian_mata_kuliah (id, siak_mata_kuliah_id, kode_cpmk, deskripsi_cpmk, is_deleted, created_at, updated_at) VALUES ('ce9ec2ab-7c48-4fea-bf27-08e58712ef27', '34263153-87f7-452e-b4f7-a41f24d0bd1c', 'CPMKK-05', 'Lorem 5', false, '2025-06-09 04:33:16.365977', NULL);
INSERT INTO public.siak_capaian_mata_kuliah (id, siak_mata_kuliah_id, kode_cpmk, deskripsi_cpmk, is_deleted, created_at, updated_at) VALUES ('e39332c4-98ec-4ecb-bebb-f0c5dbfcca88', '34263153-87f7-452e-b4f7-a41f24d0bd1c', 'CPMKK-06', 'Lorem 6', false, '2025-06-09 04:33:16.365977', NULL);
INSERT INTO public.siak_capaian_mata_kuliah (id, siak_mata_kuliah_id, kode_cpmk, deskripsi_cpmk, is_deleted, created_at, updated_at) VALUES ('be4ef60b-4d4b-4d18-b1fd-fef6e7306cc7', '34263153-87f7-452e-b4f7-a41f24d0bd1c', 'CPMKK-07', 'Lorem 7', false, '2025-06-09 04:33:16.365977', NULL);
INSERT INTO public.siak_capaian_mata_kuliah (id, siak_mata_kuliah_id, kode_cpmk, deskripsi_cpmk, is_deleted, created_at, updated_at) VALUES ('32d6ad37-7dff-45b8-b078-322289e54dd4', '34263153-87f7-452e-b4f7-a41f24d0bd1c', 'CPMKK-08', 'Lorem 8', false, '2025-06-09 04:33:16.365977', NULL);
INSERT INTO public.siak_capaian_mata_kuliah (id, siak_mata_kuliah_id, kode_cpmk, deskripsi_cpmk, is_deleted, created_at, updated_at) VALUES ('3baa6999-166c-41f3-baa4-8ed70bc71c9c', '34263153-87f7-452e-b4f7-a41f24d0bd1c', 'CPMKK-09', 'Lorem 9', false, '2025-06-09 04:33:16.365977', NULL);
INSERT INTO public.siak_capaian_mata_kuliah (id, siak_mata_kuliah_id, kode_cpmk, deskripsi_cpmk, is_deleted, created_at, updated_at) VALUES ('50de0fb3-27fb-4e57-b17a-09b38ab47472', '34263153-87f7-452e-b4f7-a41f24d0bd1c', 'CPMKK-10', 'Lorem 10', false, '2025-06-09 04:33:16.365977', NULL);
INSERT INTO public.siak_capaian_mata_kuliah (id, siak_mata_kuliah_id, kode_cpmk, deskripsi_cpmk, is_deleted, created_at, updated_at) VALUES ('bd83387e-ce9b-46af-b54c-136d816b9898', '8098bd54-68e4-42c4-8bb0-65f0acc6f9b5', 'CPMKKS-01', 'Lorem 1', false, '2025-06-09 04:33:16.365977', NULL);
INSERT INTO public.siak_capaian_mata_kuliah (id, siak_mata_kuliah_id, kode_cpmk, deskripsi_cpmk, is_deleted, created_at, updated_at) VALUES ('9a23d74e-8681-4f0f-b999-5dbeced61f45', '8098bd54-68e4-42c4-8bb0-65f0acc6f9b5', 'CPMKKS-02', 'Lorem 2', false, '2025-06-09 04:33:16.365977', NULL);
INSERT INTO public.siak_capaian_mata_kuliah (id, siak_mata_kuliah_id, kode_cpmk, deskripsi_cpmk, is_deleted, created_at, updated_at) VALUES ('ea749707-6104-4876-8429-954a87ae56ce', '8098bd54-68e4-42c4-8bb0-65f0acc6f9b5', 'CPMKKS-03', 'Lorem 3', false, '2025-06-09 04:33:16.365977', NULL);
INSERT INTO public.siak_capaian_mata_kuliah (id, siak_mata_kuliah_id, kode_cpmk, deskripsi_cpmk, is_deleted, created_at, updated_at) VALUES ('a2376ce8-2770-43ab-9903-e051c1bd7a03', '8098bd54-68e4-42c4-8bb0-65f0acc6f9b5', 'CPMKKS-04', 'Lorem 4', false, '2025-06-09 04:33:16.365977', NULL);
INSERT INTO public.siak_capaian_mata_kuliah (id, siak_mata_kuliah_id, kode_cpmk, deskripsi_cpmk, is_deleted, created_at, updated_at) VALUES ('648db761-ef9b-4283-a693-b8eee530b1da', '8098bd54-68e4-42c4-8bb0-65f0acc6f9b5', 'CPMKKS-05', 'Lorem 5', false, '2025-06-09 04:33:16.365977', NULL);
INSERT INTO public.siak_capaian_mata_kuliah (id, siak_mata_kuliah_id, kode_cpmk, deskripsi_cpmk, is_deleted, created_at, updated_at) VALUES ('7a1c0e61-beaa-4a54-9b4b-b79095a1c843', '8098bd54-68e4-42c4-8bb0-65f0acc6f9b5', 'CPMKKS-06', 'Lorem 6', false, '2025-06-09 04:33:16.365977', NULL);
INSERT INTO public.siak_capaian_mata_kuliah (id, siak_mata_kuliah_id, kode_cpmk, deskripsi_cpmk, is_deleted, created_at, updated_at) VALUES ('4986537b-e77c-4944-8ed6-4af6aa627ab6', '8098bd54-68e4-42c4-8bb0-65f0acc6f9b5', 'CPMKKS-07', 'Lorem 7', false, '2025-06-09 04:33:16.365977', NULL);
INSERT INTO public.siak_capaian_mata_kuliah (id, siak_mata_kuliah_id, kode_cpmk, deskripsi_cpmk, is_deleted, created_at, updated_at) VALUES ('640e3e60-271f-4a98-8f24-193e7b0b0c64', '8098bd54-68e4-42c4-8bb0-65f0acc6f9b5', 'CPMKKS-08', 'Lorem 8', false, '2025-06-09 04:33:16.365977', NULL);
INSERT INTO public.siak_capaian_mata_kuliah (id, siak_mata_kuliah_id, kode_cpmk, deskripsi_cpmk, is_deleted, created_at, updated_at) VALUES ('ab7542bb-f62e-4e82-8619-12c94332c88c', '8098bd54-68e4-42c4-8bb0-65f0acc6f9b5', 'CPMKKS-09', 'Lorem 9', false, '2025-06-09 04:33:16.365977', NULL);
INSERT INTO public.siak_capaian_mata_kuliah (id, siak_mata_kuliah_id, kode_cpmk, deskripsi_cpmk, is_deleted, created_at, updated_at) VALUES ('9f533d07-b469-4fdc-be8c-b0a6566fb2c5', '8098bd54-68e4-42c4-8bb0-65f0acc6f9b5', 'CPMKKS-10', 'Lorem 10', false, '2025-06-09 04:33:16.365977', NULL);
INSERT INTO public.siak_capaian_mata_kuliah (id, siak_mata_kuliah_id, kode_cpmk, deskripsi_cpmk, is_deleted, created_at, updated_at) VALUES ('7b295da8-cb9f-4681-9fbf-689b923527c9', 'b6c01270-3824-4130-b88f-3fdc550c4db5', 'CPMKD-01', 'Lorem 1', false, '2025-06-09 04:33:16.365977', NULL);
INSERT INTO public.siak_capaian_mata_kuliah (id, siak_mata_kuliah_id, kode_cpmk, deskripsi_cpmk, is_deleted, created_at, updated_at) VALUES ('c3be1442-82cb-4349-8e64-86109178a014', 'b6c01270-3824-4130-b88f-3fdc550c4db5', 'CPMKD-02', 'Lorem 2', false, '2025-06-09 04:33:16.365977', NULL);
INSERT INTO public.siak_capaian_mata_kuliah (id, siak_mata_kuliah_id, kode_cpmk, deskripsi_cpmk, is_deleted, created_at, updated_at) VALUES ('5de15d2d-0454-4056-9e7f-352f0fe416ab', 'b6c01270-3824-4130-b88f-3fdc550c4db5', 'CPMKD-03', 'Lorem 3', false, '2025-06-09 04:33:16.365977', NULL);
INSERT INTO public.siak_capaian_mata_kuliah (id, siak_mata_kuliah_id, kode_cpmk, deskripsi_cpmk, is_deleted, created_at, updated_at) VALUES ('bb3625a2-b225-4976-99af-83193bbbd0a9', 'b6c01270-3824-4130-b88f-3fdc550c4db5', 'CPMKD-04', 'Lorem 4', false, '2025-06-09 04:33:16.365977', NULL);
INSERT INTO public.siak_capaian_mata_kuliah (id, siak_mata_kuliah_id, kode_cpmk, deskripsi_cpmk, is_deleted, created_at, updated_at) VALUES ('974bba12-27aa-406a-9527-0d37d10a2311', 'b6c01270-3824-4130-b88f-3fdc550c4db5', 'CPMKD-05', 'Lorem 5', false, '2025-06-09 04:33:16.365977', NULL);
INSERT INTO public.siak_capaian_mata_kuliah (id, siak_mata_kuliah_id, kode_cpmk, deskripsi_cpmk, is_deleted, created_at, updated_at) VALUES ('ceea106a-cecf-4283-bd4b-a36b5057e8a6', 'b6c01270-3824-4130-b88f-3fdc550c4db5', 'CPMKD-06', 'Lorem 6', false, '2025-06-09 04:33:16.365977', NULL);
INSERT INTO public.siak_capaian_mata_kuliah (id, siak_mata_kuliah_id, kode_cpmk, deskripsi_cpmk, is_deleted, created_at, updated_at) VALUES ('582c96c0-520c-4d69-93dc-a568a8708936', 'b6c01270-3824-4130-b88f-3fdc550c4db5', 'CPMKD-07', 'Lorem 7', false, '2025-06-09 04:33:16.365977', NULL);
INSERT INTO public.siak_capaian_mata_kuliah (id, siak_mata_kuliah_id, kode_cpmk, deskripsi_cpmk, is_deleted, created_at, updated_at) VALUES ('da64f034-2a2e-46f4-8e74-308cb3c512d5', 'b6c01270-3824-4130-b88f-3fdc550c4db5', 'CPMKD-08', 'Lorem 8', false, '2025-06-09 04:33:16.365977', NULL);
INSERT INTO public.siak_capaian_mata_kuliah (id, siak_mata_kuliah_id, kode_cpmk, deskripsi_cpmk, is_deleted, created_at, updated_at) VALUES ('38f22f4a-57b6-4c65-b63c-31105cea33b1', 'b6c01270-3824-4130-b88f-3fdc550c4db5', 'CPMKD-09', 'Lorem 9', false, '2025-06-09 04:33:16.365977', NULL);
INSERT INTO public.siak_capaian_mata_kuliah (id, siak_mata_kuliah_id, kode_cpmk, deskripsi_cpmk, is_deleted, created_at, updated_at) VALUES ('9e64b019-498f-4bff-8423-3c3d25ce3476', 'b6c01270-3824-4130-b88f-3fdc550c4db5', 'CPMKD-10', 'Lorem 10', false, '2025-06-09 04:33:16.365977', NULL);
INSERT INTO public.siak_capaian_mata_kuliah (id, siak_mata_kuliah_id, kode_cpmk, deskripsi_cpmk, is_deleted, created_at, updated_at) VALUES ('d79be47e-f8d8-4e94-9b37-0f6fb6ef305f', 'b6c01270-3824-4130-b88f-3fdc550c4db5', 'CPMKD-11', 'Lorem 11', false, '2025-06-09 04:33:16.365977', NULL);
INSERT INTO public.siak_capaian_mata_kuliah (id, siak_mata_kuliah_id, kode_cpmk, deskripsi_cpmk, is_deleted, created_at, updated_at) VALUES ('7bec7380-c503-4873-9a52-c0531e6297d1', 'e91323d4-5d69-4618-a7ec-ed0156b4376f', 'CPMKG-01', 'Lorem 1', false, '2025-06-09 04:33:16.365977', NULL);
INSERT INTO public.siak_capaian_mata_kuliah (id, siak_mata_kuliah_id, kode_cpmk, deskripsi_cpmk, is_deleted, created_at, updated_at) VALUES ('c3bed501-020d-4f91-bea2-d711b32313fc', 'e91323d4-5d69-4618-a7ec-ed0156b4376f', 'CPMKG-02', 'Lorem 2', false, '2025-06-09 04:33:16.365977', NULL);
INSERT INTO public.siak_capaian_mata_kuliah (id, siak_mata_kuliah_id, kode_cpmk, deskripsi_cpmk, is_deleted, created_at, updated_at) VALUES ('607782f6-86ce-45e1-8012-36379fe7ed17', 'e91323d4-5d69-4618-a7ec-ed0156b4376f', 'CPMKG-03', 'Lorem 3', false, '2025-06-09 04:33:16.365977', NULL);
INSERT INTO public.siak_capaian_mata_kuliah (id, siak_mata_kuliah_id, kode_cpmk, deskripsi_cpmk, is_deleted, created_at, updated_at) VALUES ('ba66325d-714e-484e-b514-811fb161224e', 'e91323d4-5d69-4618-a7ec-ed0156b4376f', 'CPMKG-04', 'Lorem 4', false, '2025-06-09 04:33:16.365977', NULL);
INSERT INTO public.siak_capaian_mata_kuliah (id, siak_mata_kuliah_id, kode_cpmk, deskripsi_cpmk, is_deleted, created_at, updated_at) VALUES ('01621aa0-1e42-4d89-a544-2f23a9e09bdf', 'e91323d4-5d69-4618-a7ec-ed0156b4376f', 'CPMKG-05', 'Lorem 5', false, '2025-06-09 04:33:16.365977', NULL);
INSERT INTO public.siak_capaian_mata_kuliah (id, siak_mata_kuliah_id, kode_cpmk, deskripsi_cpmk, is_deleted, created_at, updated_at) VALUES ('1cd7cb10-6c1a-4a7b-b312-3bc784b85602', 'e91323d4-5d69-4618-a7ec-ed0156b4376f', 'CPMKG-06', 'Lorem 6', false, '2025-06-09 04:33:16.365977', NULL);
INSERT INTO public.siak_capaian_mata_kuliah (id, siak_mata_kuliah_id, kode_cpmk, deskripsi_cpmk, is_deleted, created_at, updated_at) VALUES ('7bdc892d-ca39-4565-8825-8b9d3966ed76', 'e91323d4-5d69-4618-a7ec-ed0156b4376f', 'CPMKG-07', 'Lorem 7', false, '2025-06-09 04:33:16.365977', NULL);
INSERT INTO public.siak_capaian_mata_kuliah (id, siak_mata_kuliah_id, kode_cpmk, deskripsi_cpmk, is_deleted, created_at, updated_at) VALUES ('b9c8e9a9-c531-4463-a0cd-07b003dc1f82', 'e91323d4-5d69-4618-a7ec-ed0156b4376f', 'CPMKG-08', 'Lorem 8', false, '2025-06-09 04:33:16.365977', NULL);
INSERT INTO public.siak_capaian_mata_kuliah (id, siak_mata_kuliah_id, kode_cpmk, deskripsi_cpmk, is_deleted, created_at, updated_at) VALUES ('07e7a415-2829-4ac2-9a0e-1dbf01d1df94', 'e91323d4-5d69-4618-a7ec-ed0156b4376f', 'CPMKG-09', 'Lorem 9', false, '2025-06-09 04:33:16.365977', NULL);
INSERT INTO public.siak_capaian_mata_kuliah (id, siak_mata_kuliah_id, kode_cpmk, deskripsi_cpmk, is_deleted, created_at, updated_at) VALUES ('cb7e3393-a3c0-4e34-bcd7-e1253bbb09f7', 'e91323d4-5d69-4618-a7ec-ed0156b4376f', 'CPMKG-10', 'Lorem 10', false, '2025-06-09 04:33:16.365977', NULL);


--
-- Data for Name: siak_capaian_pembelajaran_lulusan; Type: TABLE DATA; Schema: public; Owner: postgres
--

INSERT INTO public.siak_capaian_pembelajaran_lulusan (id, siak_program_studi_id, siak_tahun_kurikulum_id, kode_cpl, deskripsi_cpl, kategori_cpl, is_deleted, created_at, updated_at) VALUES ('c5f86e4e-0f6d-4e7c-ae0a-dc88e2284b07', '14bab8ca-c3ab-44f2-88f5-e5065144c9e2', '8f383ece-dbd7-4412-8dd9-a7464519dca5', 'CPL01', 'Lorem 1', 'Lorem 1', false, '2025-06-09 11:29:13', NULL);
INSERT INTO public.siak_capaian_pembelajaran_lulusan (id, siak_program_studi_id, siak_tahun_kurikulum_id, kode_cpl, deskripsi_cpl, kategori_cpl, is_deleted, created_at, updated_at) VALUES ('851dcbdf-4cdc-4d25-8fcc-d45c2256f2ea', '14bab8ca-c3ab-44f2-88f5-e5065144c9e2', '8f383ece-dbd7-4412-8dd9-a7464519dca5', 'CPL02', 'Lorem 2', 'Lorem 2', false, '2025-06-09 11:29:13', NULL);
INSERT INTO public.siak_capaian_pembelajaran_lulusan (id, siak_program_studi_id, siak_tahun_kurikulum_id, kode_cpl, deskripsi_cpl, kategori_cpl, is_deleted, created_at, updated_at) VALUES ('ce3b9268-fe4c-4f20-bc3a-4e273f915dd0', '14bab8ca-c3ab-44f2-88f5-e5065144c9e2', '8f383ece-dbd7-4412-8dd9-a7464519dca5', 'CPL03', 'Lorem 3', 'Lorem 3', false, '2025-06-09 11:29:13', NULL);
INSERT INTO public.siak_capaian_pembelajaran_lulusan (id, siak_program_studi_id, siak_tahun_kurikulum_id, kode_cpl, deskripsi_cpl, kategori_cpl, is_deleted, created_at, updated_at) VALUES ('81155c6c-a144-47fa-9a81-e0289dd13c53', '14bab8ca-c3ab-44f2-88f5-e5065144c9e2', '8f383ece-dbd7-4412-8dd9-a7464519dca5', 'CPL04', 'Lorem 4', 'Lorem 4', false, '2025-06-09 11:29:13', NULL);
INSERT INTO public.siak_capaian_pembelajaran_lulusan (id, siak_program_studi_id, siak_tahun_kurikulum_id, kode_cpl, deskripsi_cpl, kategori_cpl, is_deleted, created_at, updated_at) VALUES ('73645676-ed0b-43b5-b623-36ac62b1aa19', '14bab8ca-c3ab-44f2-88f5-e5065144c9e2', '8f383ece-dbd7-4412-8dd9-a7464519dca5', 'CPL05', 'Lorem 5', 'Lorem 5', false, '2025-06-09 11:29:13', NULL);
INSERT INTO public.siak_capaian_pembelajaran_lulusan (id, siak_program_studi_id, siak_tahun_kurikulum_id, kode_cpl, deskripsi_cpl, kategori_cpl, is_deleted, created_at, updated_at) VALUES ('8787b184-5d55-4c65-94fa-6b48ef379aa3', '14bab8ca-c3ab-44f2-88f5-e5065144c9e2', '8f383ece-dbd7-4412-8dd9-a7464519dca5', 'CPL06', 'Lorem 6', 'Lorem 6', false, '2025-06-09 11:29:13', NULL);
INSERT INTO public.siak_capaian_pembelajaran_lulusan (id, siak_program_studi_id, siak_tahun_kurikulum_id, kode_cpl, deskripsi_cpl, kategori_cpl, is_deleted, created_at, updated_at) VALUES ('08e5c3d7-a901-4934-8a36-a94ceebba46e', '14bab8ca-c3ab-44f2-88f5-e5065144c9e2', '8f383ece-dbd7-4412-8dd9-a7464519dca5', 'CPL07', 'Lorem 7', 'Lorem 7', false, '2025-06-09 11:29:13', NULL);
INSERT INTO public.siak_capaian_pembelajaran_lulusan (id, siak_program_studi_id, siak_tahun_kurikulum_id, kode_cpl, deskripsi_cpl, kategori_cpl, is_deleted, created_at, updated_at) VALUES ('f96c927b-9da4-43b5-a673-96cb5b579af1', '14bab8ca-c3ab-44f2-88f5-e5065144c9e2', '8f383ece-dbd7-4412-8dd9-a7464519dca5', 'CPL08', 'Lorem 8', 'Lorem 8', false, '2025-06-09 11:29:13', NULL);
INSERT INTO public.siak_capaian_pembelajaran_lulusan (id, siak_program_studi_id, siak_tahun_kurikulum_id, kode_cpl, deskripsi_cpl, kategori_cpl, is_deleted, created_at, updated_at) VALUES ('6d104404-fab8-4c90-a078-3f9c16c98416', '14bab8ca-c3ab-44f2-88f5-e5065144c9e2', '8f383ece-dbd7-4412-8dd9-a7464519dca5', 'CPL09', 'Lorem 9', 'Lorem 9', false, '2025-06-09 11:29:13', NULL);
INSERT INTO public.siak_capaian_pembelajaran_lulusan (id, siak_program_studi_id, siak_tahun_kurikulum_id, kode_cpl, deskripsi_cpl, kategori_cpl, is_deleted, created_at, updated_at) VALUES ('03519141-8529-4dc3-b64d-0633a069b230', '14bab8ca-c3ab-44f2-88f5-e5065144c9e2', '8f383ece-dbd7-4412-8dd9-a7464519dca5', 'CPL10', 'Lorem 10', 'Lorem 10', false, '2025-06-09 11:29:13', NULL);
INSERT INTO public.siak_capaian_pembelajaran_lulusan (id, siak_program_studi_id, siak_tahun_kurikulum_id, kode_cpl, deskripsi_cpl, kategori_cpl, is_deleted, created_at, updated_at) VALUES ('f980ea44-d3c5-4ee3-a268-78ab39e867a7', '14bab8ca-c3ab-44f2-88f5-e5065144c9e2', '8f383ece-dbd7-4412-8dd9-a7464519dca5', 'CPL11', 'Lorem 11', 'Lorem 11', false, '2025-06-09 11:29:13', NULL);
INSERT INTO public.siak_capaian_pembelajaran_lulusan (id, siak_program_studi_id, siak_tahun_kurikulum_id, kode_cpl, deskripsi_cpl, kategori_cpl, is_deleted, created_at, updated_at) VALUES ('68ebb5aa-ca9b-4376-94dd-bfecb76c4c7c', '14bab8ca-c3ab-44f2-88f5-e5065144c9e2', '8f383ece-dbd7-4412-8dd9-a7464519dca5', 'CPL12', 'Lorem 12', 'Lorem 12', false, '2025-06-09 11:29:13', NULL);
INSERT INTO public.siak_capaian_pembelajaran_lulusan (id, siak_program_studi_id, siak_tahun_kurikulum_id, kode_cpl, deskripsi_cpl, kategori_cpl, is_deleted, created_at, updated_at) VALUES ('dd79c90b-6e50-4d78-a445-c8052b448786', '14bab8ca-c3ab-44f2-88f5-e5065144c9e2', '8f383ece-dbd7-4412-8dd9-a7464519dca5', 'CPL13', 'Lorem 13', 'Lorem 13', false, '2025-06-09 04:29:15.768158', NULL);


--
-- Data for Name: siak_user; Type: TABLE DATA; Schema: public; Owner: postgres
--

INSERT INTO public.siak_user (id, username, email, password, is_deleted, created_at, updated_at) VALUES ('6cd43c15-77b6-4d35-acf4-1c772212e245', 'kalkulus1', 'kalkulus1@mail.co', '$2a$12$SG.ciE5DBctBtbLMO1uSxOA7KydfUdoL731lLrGKhTDAwuHMeTSju', false, '2025-06-08 11:17:32.294953', NULL);
INSERT INTO public.siak_user (id, username, email, password, is_deleted, created_at, updated_at) VALUES ('cac6fe1e-cf14-4adb-bd77-d3a8b9208124', 'calculus2', 'calculus2@mail.co', '$2a$12$SG.ciE5DBctBtbLMO1uSxOA7KydfUdoL731lLrGKhTDAwuHMeTSju', false, '2025-06-08 11:17:32.294953', NULL);
INSERT INTO public.siak_user (id, username, email, password, is_deleted, created_at, updated_at) VALUES ('85517def-ae89-4563-b6b2-44be84dabd7a', 'tdrl', 'tdrl@mail.co', '$2a$12$SG.ciE5DBctBtbLMO1uSxOA7KydfUdoL731lLrGKhTDAwuHMeTSju', false, '2025-06-08 11:17:32.294953', NULL);
INSERT INTO public.siak_user (id, username, email, password, is_deleted, created_at, updated_at) VALUES ('2efe68b2-1ea1-4ace-8af3-c5b5b8355117', 'matdis', 'matdis@mail.co', '$2a$12$SG.ciE5DBctBtbLMO1uSxOA7KydfUdoL731lLrGKhTDAwuHMeTSju', false, '2025-06-08 11:17:32.294953', NULL);
INSERT INTO public.siak_user (id, username, email, password, is_deleted, created_at, updated_at) VALUES ('aed121cc-0e56-4055-8481-ae926a49b7f5', 'syaifulmhs', 'syaifulmhs@mail.co', '$2a$12$SG.ciE5DBctBtbLMO1uSxOA7KydfUdoL731lLrGKhTDAwuHMeTSju', false, '2025-06-09 04:41:26.269342', NULL);
INSERT INTO public.siak_user (id, username, email, password, is_deleted, created_at, updated_at) VALUES ('85eedcff-92b8-41b2-967c-f49a1d0b45d2', 'ikhsanmhs', 'ikhsanmhs@mail.co', '$2a$12$SG.ciE5DBctBtbLMO1uSxOA7KydfUdoL731lLrGKhTDAwuHMeTSju', false, '2025-06-09 04:41:26.269342', NULL);
INSERT INTO public.siak_user (id, username, email, password, is_deleted, created_at, updated_at) VALUES ('db4751fb-69f4-4d1b-862d-0571787be175', 'firmanmhs', 'firmanmhs@mail.co', '$2a$12$SG.ciE5DBctBtbLMO1uSxOA7KydfUdoL731lLrGKhTDAwuHMeTSju', false, '2025-06-09 04:41:26.269342', NULL);
INSERT INTO public.siak_user (id, username, email, password, is_deleted, created_at, updated_at) VALUES ('cedb4073-15ea-40cb-8c67-4193ffd958bf', 'avlanomhs', 'avlanomhs@mail.co', '$2a$12$SG.ciE5DBctBtbLMO1uSxOA7KydfUdoL731lLrGKhTDAwuHMeTSju', false, '2025-06-09 04:41:26.269342', NULL);
INSERT INTO public.siak_user (id, username, email, password, is_deleted, created_at, updated_at) VALUES ('5e5fa489-7197-4d0e-a0ad-5f7c31bb804e', 'ridwanmhs', 'ridwanmhs@mail.co', '$2a$12$SG.ciE5DBctBtbLMO1uSxOA7KydfUdoL731lLrGKhTDAwuHMeTSju', false, '2025-06-09 04:41:26.269342', NULL);

--
-- Data for Name: siak_dosen; Type: TABLE DATA; Schema: public; Owner: postgres
--

INSERT INTO public.siak_dosen (id, siak_user_id, nama, nidn, is_deleted, created_at, updated_at) VALUES ('004345c6-cc13-4fb2-9973-6fa62a356fb2', '6cd43c15-77b6-4d35-acf4-1c772212e245', 'kalkulus1', '10238120', false, '2025-06-08 11:18:02.463962', NULL);
INSERT INTO public.siak_dosen (id, siak_user_id, nama, nidn, is_deleted, created_at, updated_at) VALUES ('b224c7d0-d550-4e64-8862-70b4a767f25f', 'cac6fe1e-cf14-4adb-bd77-d3a8b9208124', 'calculus2', '18247129', false, '2025-06-08 11:18:02.463962', NULL);
INSERT INTO public.siak_dosen (id, siak_user_id, nama, nidn, is_deleted, created_at, updated_at) VALUES ('b8d29f80-bb00-4d66-9257-645f303fffb3', '85517def-ae89-4563-b6b2-44be84dabd7a', 'tdrl', '12835221', false, '2025-06-08 11:18:02.463962', NULL);
INSERT INTO public.siak_dosen (id, siak_user_id, nama, nidn, is_deleted, created_at, updated_at) VALUES ('b19fae83-6934-4ffd-aae5-cab6760f6788', '2efe68b2-1ea1-4ace-8af3-c5b5b8355117', 'matdis', '13851721', false, '2025-06-08 11:18:02.463962', NULL);


--
-- Data for Name: siak_mahasiswa; Type: TABLE DATA; Schema: public; Owner: postgres
--

INSERT INTO public.siak_mahasiswa (id, siak_user_id, siak_program_studi_id, nama, npm, jenis_kelamin, tempat_lahir, tanggal_lahir, nik, no_kk, periode_masuk, sistem_kuliah, kelas, jenis_pendaftaran, jalur_pendaftaran, gelombang, tanggal_masuk, kebutuhan_khusus, status_mahasiswa, alamat_ktp, rt_ktp, rw_ktp, desa_ktp, provinsi_ktp, kode_pos_ktp, status_tinggal_ktp, alamat_domisili, rt_domisili, rw_domisili, desa_domisili, provinsi_domisili, kode_pos_domisili, status_tinggal_domisili, no_telepon, no_hp, email_pribadi, email_kampus, angkatan, no_terdaftar, pendidikan_asal, provinsi_sekolah, kota_kab_sekolah, nama_pendidikan_asal, alamat_sekolah, telepon_sekolah, no_ijazah_sekolah, semester, ijazah_sekolah, foto_profil, is_deleted, created_at, updated_at) VALUES ('e0aecec7-53d4-4f2e-8653-630ba2d627f6', 'aed121cc-0e56-4055-8481-ae926a49b7f5', '14bab8ca-c3ab-44f2-88f5-e5065144c9e2', 'syaifulmhs', '221106043033', 'Laki-Laki', 'Cirebon', '2002-05-26', '168427930', '8712469380', '20241', 'Reguler', 'A', 'Baru', 'Mandiri', '1', '2022-09-05', false, 'aktif', 'Lorem', 1, 2, 'Lorem', 'Lorem', '16912', 'Sendiri', 'Lorem', 1, 2, 'Lorem', 'Lorem', '16912', 'Bersama', '08123', '08182312', 'syaifulmhs@mail.co', 'syaifulmhs@edu.id', '2022', '12321', 'SMK', 'Cibinong', 'Bogor', 'SMK 1 Cibinong', 'Cibinong', '1208471924', '1237123', 1, NULL, NULL, false, '2025-06-09 06:36:59.668184', NULL);
INSERT INTO public.siak_mahasiswa (id, siak_user_id, siak_program_studi_id, nama, npm, jenis_kelamin, tempat_lahir, tanggal_lahir, nik, no_kk, periode_masuk, sistem_kuliah, kelas, jenis_pendaftaran, jalur_pendaftaran, gelombang, tanggal_masuk, kebutuhan_khusus, status_mahasiswa, alamat_ktp, rt_ktp, rw_ktp, desa_ktp, provinsi_ktp, kode_pos_ktp, status_tinggal_ktp, alamat_domisili, rt_domisili, rw_domisili, desa_domisili, provinsi_domisili, kode_pos_domisili, status_tinggal_domisili, no_telepon, no_hp, email_pribadi, email_kampus, angkatan, no_terdaftar, pendidikan_asal, provinsi_sekolah, kota_kab_sekolah, nama_pendidikan_asal, alamat_sekolah, telepon_sekolah, no_ijazah_sekolah, semester, ijazah_sekolah, foto_profil, is_deleted, created_at, updated_at) VALUES ('6f456bd8-82ea-400a-afd3-33cca6a520a6', '85eedcff-92b8-41b2-967c-f49a1d0b45d2', '14bab8ca-c3ab-44f2-88f5-e5065144c9e2', 'ikhsanmhs', '221106043029', 'Laki-Laki', 'Jakarta', '2004-09-13', '398082437', '7359412803', '20241', 'Reguler', 'A', 'Baru', 'Mandiri', '2', '2022-09-05', false, 'aktif', 'Lorem', 1, 2, 'Lorem', 'Lorem', '16912', 'Sendiri', 'Lorem', 1, 2, 'Lorem', 'Lorem', '16912', 'Bersama', '08123', '08182312', 'ikhsanmhs@mail.co', 'ikhsanmhs@edu.id', '2022', '12321', 'SMK', 'Cibinong', 'Bogor', 'SMK 1 Cibinong', 'Cibinong', '1208471924', '28385793', 1, NULL, NULL, false, '2025-06-09 06:36:59.668184', NULL);
INSERT INTO public.siak_mahasiswa (id, siak_user_id, siak_program_studi_id, nama, npm, jenis_kelamin, tempat_lahir, tanggal_lahir, nik, no_kk, periode_masuk, sistem_kuliah, kelas, jenis_pendaftaran, jalur_pendaftaran, gelombang, tanggal_masuk, kebutuhan_khusus, status_mahasiswa, alamat_ktp, rt_ktp, rw_ktp, desa_ktp, provinsi_ktp, kode_pos_ktp, status_tinggal_ktp, alamat_domisili, rt_domisili, rw_domisili, desa_domisili, provinsi_domisili, kode_pos_domisili, status_tinggal_domisili, no_telepon, no_hp, email_pribadi, email_kampus, angkatan, no_terdaftar, pendidikan_asal, provinsi_sekolah, kota_kab_sekolah, nama_pendidikan_asal, alamat_sekolah, telepon_sekolah, no_ijazah_sekolah, semester, ijazah_sekolah, foto_profil, is_deleted, created_at, updated_at) VALUES ('7bc74e8b-13e5-4026-9517-babe48c94f06', 'db4751fb-69f4-4d1b-862d-0571787be175', '14bab8ca-c3ab-44f2-88f5-e5065144c9e2', 'firmanmhs', '221106043031', 'Laki-Laki', 'Bogor', '2004-06-08', '857492021', '9258714542', '20241', 'Karyawan', 'A', 'Baru', 'Mandiri', '3', '2022-09-05', false, 'aktif', 'Lorem', 1, 2, 'Lorem', 'Lorem', '16912', 'Sendiri', 'Lorem', 1, 2, 'Lorem', 'Lorem', '16912', 'Bersama', '08123', '08182312', 'firmanmhs@mail.co', 'firmanmhs@edu.id', '2022', '12321', 'SMK', 'Cibinong', 'Bogor', 'SMK 1 Cibinong', 'Cibinong', '1208471924', '181273123', 1, NULL, NULL, false, '2025-06-09 06:36:59.668184', NULL);
INSERT INTO public.siak_mahasiswa (id, siak_user_id, siak_program_studi_id, nama, npm, jenis_kelamin, tempat_lahir, tanggal_lahir, nik, no_kk, periode_masuk, sistem_kuliah, kelas, jenis_pendaftaran, jalur_pendaftaran, gelombang, tanggal_masuk, kebutuhan_khusus, status_mahasiswa, alamat_ktp, rt_ktp, rw_ktp, desa_ktp, provinsi_ktp, kode_pos_ktp, status_tinggal_ktp, alamat_domisili, rt_domisili, rw_domisili, desa_domisili, provinsi_domisili, kode_pos_domisili, status_tinggal_domisili, no_telepon, no_hp, email_pribadi, email_kampus, angkatan, no_terdaftar, pendidikan_asal, provinsi_sekolah, kota_kab_sekolah, nama_pendidikan_asal, alamat_sekolah, telepon_sekolah, no_ijazah_sekolah, semester, ijazah_sekolah, foto_profil, is_deleted, created_at, updated_at) VALUES ('42268a4a-11cf-4fc4-9632-2340f65ae5a2', 'cedb4073-15ea-40cb-8c67-4193ffd958bf', '14bab8ca-c3ab-44f2-88f5-e5065144c9e2', 'avlanomhs', '221106043040', 'Laki-Laki', 'Bogor', '2004-01-13', '983504921', '2734681242', '20241', 'Reguler', 'B', 'Baru', 'Mandiri', '1', '2022-09-05', false, 'aktif', 'Lorem', 1, 2, 'Lorem', 'Lorem', '16912', 'Sendiri', 'Lorem', 1, 2, 'Lorem', 'Lorem', '16912', 'Bersama', '08123', '08182312', 'avlanomhs@mail.co', 'avlanomhs@edu.id', '2022', '12321', 'SMK', 'Cibinong', 'Bogor', 'SMK 1 Cibinong', 'Cibinong', '1208471924', '1824732', 1, NULL, NULL, false, '2025-06-09 06:36:59.668184', NULL);
INSERT INTO public.siak_mahasiswa (id, siak_user_id, siak_program_studi_id, nama, npm, jenis_kelamin, tempat_lahir, tanggal_lahir, nik, no_kk, periode_masuk, sistem_kuliah, kelas, jenis_pendaftaran, jalur_pendaftaran, gelombang, tanggal_masuk, kebutuhan_khusus, status_mahasiswa, alamat_ktp, rt_ktp, rw_ktp, desa_ktp, provinsi_ktp, kode_pos_ktp, status_tinggal_ktp, alamat_domisili, rt_domisili, rw_domisili, desa_domisili, provinsi_domisili, kode_pos_domisili, status_tinggal_domisili, no_telepon, no_hp, email_pribadi, email_kampus, angkatan, no_terdaftar, pendidikan_asal, provinsi_sekolah, kota_kab_sekolah, nama_pendidikan_asal, alamat_sekolah, telepon_sekolah, no_ijazah_sekolah, semester, ijazah_sekolah, foto_profil, is_deleted, created_at, updated_at) VALUES ('efc8f135-2a44-48f8-a21b-30527f4e70f6', '5e5fa489-7197-4d0e-a0ad-5f7c31bb804e', '14bab8ca-c3ab-44f2-88f5-e5065144c9e2', 'ridwanmhs', '221106042988', 'Laki-Laki', 'Depok', '2004-12-15', '980358242', '8932493242', '20241', 'Reguler', 'B', 'Baru', 'Mandiri', '2', '2022-09-05', false, 'aktif', 'Lorem', 1, 2, 'Lorem', 'Lorem', '16912', 'Sendiri', 'Lorem', 1, 2, 'Lorem', 'Lorem', '16912', 'Bersama', '08123', '08182312', 'ridwanmhs@mail.co', 'ridwanmhs@edu.id', '2022', '12321', 'SMK', 'Cibinong', 'Bogor', 'SMK 1 Cibinong', 'Cibinong', '1208471924', '134124', 1, NULL, NULL, false, '2025-06-09 06:36:59.668184', NULL);

--
-- Data for Name: siak_invoice_komponen_mahasiswa; Type: TABLE DATA; Schema: public; Owner: postgres
--

INSERT INTO public.siak_invoice_komponen_mahasiswa (id, kode_komponen, nama, nominal, is_deleted, created_at, updated_at) VALUES ('f8f36bde-dd84-4571-97f1-79d0e61e9031', 'SPP01', 'SPP', 2000000.00, false, '2025-06-09 06:41:02.70293', NULL);
INSERT INTO public.siak_invoice_komponen_mahasiswa (id, kode_komponen, nama, nominal, is_deleted, created_at, updated_at) VALUES ('ab7becdd-64ad-48bf-96b8-97dc1475b532', 'GD01', 'Gedung', 2100000.00, false, '2025-06-09 06:41:02.70293', NULL);
INSERT INTO public.siak_invoice_komponen_mahasiswa (id, kode_komponen, nama, nominal, is_deleted, created_at, updated_at) VALUES ('38a87d92-4cce-4307-995c-db19f6a1b982', 'GD02', 'Gedung 2', 2200000.00, false, '2025-06-09 06:41:02.70293', NULL);
INSERT INTO public.siak_invoice_komponen_mahasiswa (id, kode_komponen, nama, nominal, is_deleted, created_at, updated_at) VALUES ('0d5e1aa4-6b5e-4b86-a817-06a14e00587c', 'SKS01', 'SKS', 100000.00, false, '2025-06-09 06:41:02.70293', NULL);


--
-- Data for Name: siak_invoice_mahasiswa; Type: TABLE DATA; Schema: public; Owner: postgres
--

INSERT INTO public.siak_invoice_mahasiswa (id, siak_mahasiswa_id, kode_invoice, total_tagihan, tanggal_tenggat, status, tahap, total_bayar, tanggal_bayar, metode_bayar, is_deleted, created_at, updated_at, siak_periode_akademik_id) VALUES ('dd1507f1-3a59-4e21-a4bf-06575de75e0a', 'e0aecec7-53d4-4f2e-8653-630ba2d627f6', 'INV/20241/2211060430331', 4100000.00, '2025-06-30', 'belum lunas', '1', NULL, NULL, NULL, false, '2025-06-09 06:43:47.865864', NULL, 'e978217c-3b10-48c4-aeb3-33050add3abe');
INSERT INTO public.siak_invoice_mahasiswa (id, siak_mahasiswa_id, kode_invoice, total_tagihan, tanggal_tenggat, status, tahap, total_bayar, tanggal_bayar, metode_bayar, is_deleted, created_at, updated_at, siak_periode_akademik_id) VALUES ('01e2e909-7985-4e99-b552-44999c976187', '6f456bd8-82ea-400a-afd3-33cca6a520a6', 'INV/20241/2211060430332

', 6300000.00, '2025-06-30', 'belum lunas', '1', NULL, NULL, NULL, false, '2025-06-09 06:43:47.865864', NULL, 'e978217c-3b10-48c4-aeb3-33050add3abe');
INSERT INTO public.siak_invoice_mahasiswa (id, siak_mahasiswa_id, kode_invoice, total_tagihan, tanggal_tenggat, status, tahap, total_bayar, tanggal_bayar, metode_bayar, is_deleted, created_at, updated_at, siak_periode_akademik_id) VALUES ('135f2969-620e-4d55-8679-622db9641343', '7bc74e8b-13e5-4026-9517-babe48c94f06', 'INV/20241/2211060430292
', 2100000.00, '2025-06-30', 'belum lunas', '1', NULL, NULL, NULL, false, '2025-06-09 06:43:47.865864', NULL, 'e978217c-3b10-48c4-aeb3-33050add3abe');
INSERT INTO public.siak_invoice_mahasiswa (id, siak_mahasiswa_id, kode_invoice, total_tagihan, tanggal_tenggat, status, tahap, total_bayar, tanggal_bayar, metode_bayar, is_deleted, created_at, updated_at, siak_periode_akademik_id) VALUES ('d1d7c878-49b3-49e6-b3c7-902ffdbd4e6c', 'efc8f135-2a44-48f8-a21b-30527f4e70f6', 'INV/20241/2211060429884
', 4100000.00, '2025-06-30', 'belum lunas', '1', NULL, NULL, NULL, false, '2025-06-09 06:43:47.865864', NULL, 'e978217c-3b10-48c4-aeb3-33050add3abe');
INSERT INTO public.siak_invoice_mahasiswa (id, siak_mahasiswa_id, kode_invoice, total_tagihan, tanggal_tenggat, status, tahap, total_bayar, tanggal_bayar, metode_bayar, is_deleted, created_at, updated_at, siak_periode_akademik_id) VALUES ('c23f4fe8-da93-46a2-8c41-52addb4197f0', '42268a4a-11cf-4fc4-9632-2340f65ae5a2', 'INV/20241/221106043033
', 7200000.00, '2025-06-30', 'belum lunas', '1', NULL, NULL, NULL, false, '2025-06-09 06:43:47.865864', NULL, 'e978217c-3b10-48c4-aeb3-33050add3abe');


--
-- Data for Name: siak_kelas_kuliah; Type: TABLE DATA; Schema: public; Owner: postgres
--

INSERT INTO public.siak_kelas_kuliah (id, siak_mata_kuliah_id, siak_program_studi_id, siak_periode_akademik_id, nama, kapasitas, sistem_kuliah, status_kelas, jumlah_pertemuan, tanggal_mulai, tanggal_selesai, is_deleted, created_at, updated_at) VALUES ('a5ecfca6-9506-47fd-92c4-3846b57b4d87', 'e91323d4-5d69-4618-a7ec-ed0156b4376f', '14bab8ca-c3ab-44f2-88f5-e5065144c9e2', '313e3b69-3ad6-44c7-9ca2-697ef76a323f', 'Reguler A', 40, 'reguler', 'aktif', 16, '2025-06-03', '2025-06-24', false, '2025-06-03 07:36:42.335173', NULL);
INSERT INTO public.siak_kelas_kuliah (id, siak_mata_kuliah_id, siak_program_studi_id, siak_periode_akademik_id, nama, kapasitas, sistem_kuliah, status_kelas, jumlah_pertemuan, tanggal_mulai, tanggal_selesai, is_deleted, created_at, updated_at) VALUES ('496b7d88-6cf8-4408-93af-82f02955056a', 'b6c01270-3824-4130-b88f-3fdc550c4db5', '14bab8ca-c3ab-44f2-88f5-e5065144c9e2', '313e3b69-3ad6-44c7-9ca2-697ef76a323f', 'Reguler A', 40, 'reguler', 'aktif', 16, '2025-06-03', '2025-06-24', false, '2025-06-03 07:36:42.335173', NULL);
INSERT INTO public.siak_kelas_kuliah (id, siak_mata_kuliah_id, siak_program_studi_id, siak_periode_akademik_id, nama, kapasitas, sistem_kuliah, status_kelas, jumlah_pertemuan, tanggal_mulai, tanggal_selesai, is_deleted, created_at, updated_at) VALUES ('19803271-f8e7-437d-8eed-5a55ce461e82', '34263153-87f7-452e-b4f7-a41f24d0bd1c', '14bab8ca-c3ab-44f2-88f5-e5065144c9e2', '313e3b69-3ad6-44c7-9ca2-697ef76a323f', 'Reguler A', 40, 'reguler', 'aktif', 16, '2025-06-03', '2025-06-24', false, '2025-06-03 07:36:42.335173', NULL);
INSERT INTO public.siak_kelas_kuliah (id, siak_mata_kuliah_id, siak_program_studi_id, siak_periode_akademik_id, nama, kapasitas, sistem_kuliah, status_kelas, jumlah_pertemuan, tanggal_mulai, tanggal_selesai, is_deleted, created_at, updated_at) VALUES ('c36d09a4-9f56-49cb-8a8d-a365d5d8778d', '8098bd54-68e4-42c4-8bb0-65f0acc6f9b5', '14bab8ca-c3ab-44f2-88f5-e5065144c9e2', '313e3b69-3ad6-44c7-9ca2-697ef76a323f', 'Reguler A', 40, 'reguler', 'aktif', 16, '2025-06-03', '2025-06-24', false, '2025-06-03 07:36:42.335173', NULL);


--
-- Data for Name: siak_krs_mahasiswa; Type: TABLE DATA; Schema: public; Owner: postgres
--

INSERT INTO public.siak_krs_mahasiswa (id, siak_mahasiswa_id, siak_periode_akademik_id, status, jumlah_sks_diambil, is_deleted, created_at, updated_at) VALUES ('0187d04e-440f-4dc7-8cda-b01d31d34b55', 'e0aecec7-53d4-4f2e-8653-630ba2d627f6', 'e978217c-3b10-48c4-aeb3-33050add3abe', 'disetujui', 9, false, '2025-06-09 06:37:45.654948', NULL);
INSERT INTO public.siak_krs_mahasiswa (id, siak_mahasiswa_id, siak_periode_akademik_id, status, jumlah_sks_diambil, is_deleted, created_at, updated_at) VALUES ('2db7188f-797a-492d-b9aa-f011d9cfbc1a', '6f456bd8-82ea-400a-afd3-33cca6a520a6', 'e978217c-3b10-48c4-aeb3-33050add3abe', 'disetujui', 9, false, '2025-06-09 06:37:45.654948', NULL);
INSERT INTO public.siak_krs_mahasiswa (id, siak_mahasiswa_id, siak_periode_akademik_id, status, jumlah_sks_diambil, is_deleted, created_at, updated_at) VALUES ('74c98dd1-0769-4537-b1e8-d245cc003cc5', '7bc74e8b-13e5-4026-9517-babe48c94f06', 'e978217c-3b10-48c4-aeb3-33050add3abe', 'disetujui', 9, false, '2025-06-09 06:37:45.654948', NULL);
INSERT INTO public.siak_krs_mahasiswa (id, siak_mahasiswa_id, siak_periode_akademik_id, status, jumlah_sks_diambil, is_deleted, created_at, updated_at) VALUES ('35597bcd-f664-4a5e-85f0-4905a0e69d1b', '42268a4a-11cf-4fc4-9632-2340f65ae5a2', 'e978217c-3b10-48c4-aeb3-33050add3abe', 'disetujui', 9, false, '2025-06-09 06:37:45.654948', NULL);
INSERT INTO public.siak_krs_mahasiswa (id, siak_mahasiswa_id, siak_periode_akademik_id, status, jumlah_sks_diambil, is_deleted, created_at, updated_at) VALUES ('92d402d4-2ca3-479f-8f0b-f829c539f008', 'efc8f135-2a44-48f8-a21b-30527f4e70f6', 'e978217c-3b10-48c4-aeb3-33050add3abe', 'disetujui', 9, false, '2025-06-09 06:37:45.654948', NULL);


--
-- Data for Name: siak_rincian_krs_mahasiswa; Type: TABLE DATA; Schema: public; Owner: postgres
--

INSERT INTO public.siak_rincian_krs_mahasiswa (id, siak_krs_mahasiswa_id, siak_kelas_kuliah_id, kategori, status, kehadiran, tugas, uts, uas, nilai, huruf_mutu, angka_mutu, nilai_akhir, is_deleted, created_at, updated_at) VALUES ('1ae39f0c-0809-4e06-ab3d-546c1b15d2ef', '0187d04e-440f-4dc7-8cda-b01d31d34b55', 'a5ecfca6-9506-47fd-92c4-3846b57b4d87', 'baru', NULL, NULL, NULL, NULL, NULL, NULL, NULL, NULL, NULL, false, '2025-06-09 06:39:21.852002', NULL);
INSERT INTO public.siak_rincian_krs_mahasiswa (id, siak_krs_mahasiswa_id, siak_kelas_kuliah_id, kategori, status, kehadiran, tugas, uts, uas, nilai, huruf_mutu, angka_mutu, nilai_akhir, is_deleted, created_at, updated_at) VALUES ('c33503a9-71e2-4997-bf09-245c2024d71c', '0187d04e-440f-4dc7-8cda-b01d31d34b55', '496b7d88-6cf8-4408-93af-82f02955056a', 'baru', NULL, NULL, NULL, NULL, NULL, NULL, NULL, NULL, NULL, false, '2025-06-09 06:39:21.852002', NULL);
INSERT INTO public.siak_rincian_krs_mahasiswa (id, siak_krs_mahasiswa_id, siak_kelas_kuliah_id, kategori, status, kehadiran, tugas, uts, uas, nilai, huruf_mutu, angka_mutu, nilai_akhir, is_deleted, created_at, updated_at) VALUES ('d7ba65f5-079b-45b7-8658-dbd54df10cb8', '0187d04e-440f-4dc7-8cda-b01d31d34b55', '19803271-f8e7-437d-8eed-5a55ce461e82', 'baru', NULL, NULL, NULL, NULL, NULL, NULL, NULL, NULL, NULL, false, '2025-06-09 06:39:21.852002', NULL);
INSERT INTO public.siak_rincian_krs_mahasiswa (id, siak_krs_mahasiswa_id, siak_kelas_kuliah_id, kategori, status, kehadiran, tugas, uts, uas, nilai, huruf_mutu, angka_mutu, nilai_akhir, is_deleted, created_at, updated_at) VALUES ('1a5040db-d538-47c1-848e-6cd269ed66a1', '2db7188f-797a-492d-b9aa-f011d9cfbc1a', 'a5ecfca6-9506-47fd-92c4-3846b57b4d87', 'baru', NULL, NULL, NULL, NULL, NULL, NULL, NULL, NULL, NULL, false, '2025-06-09 06:39:21.852002', NULL);
INSERT INTO public.siak_rincian_krs_mahasiswa (id, siak_krs_mahasiswa_id, siak_kelas_kuliah_id, kategori, status, kehadiran, tugas, uts, uas, nilai, huruf_mutu, angka_mutu, nilai_akhir, is_deleted, created_at, updated_at) VALUES ('70e31a8e-a09a-432f-9b90-edcd9afed319', '2db7188f-797a-492d-b9aa-f011d9cfbc1a', '496b7d88-6cf8-4408-93af-82f02955056a', 'baru', NULL, NULL, NULL, NULL, NULL, NULL, NULL, NULL, NULL, false, '2025-06-09 06:39:21.852002', NULL);
INSERT INTO public.siak_rincian_krs_mahasiswa (id, siak_krs_mahasiswa_id, siak_kelas_kuliah_id, kategori, status, kehadiran, tugas, uts, uas, nilai, huruf_mutu, angka_mutu, nilai_akhir, is_deleted, created_at, updated_at) VALUES ('89dafa94-cdf7-4a79-b588-fccd5d38238b', '2db7188f-797a-492d-b9aa-f011d9cfbc1a', '19803271-f8e7-437d-8eed-5a55ce461e82', 'baru', NULL, NULL, NULL, NULL, NULL, NULL, NULL, NULL, NULL, false, '2025-06-09 06:39:21.852002', NULL);
INSERT INTO public.siak_rincian_krs_mahasiswa (id, siak_krs_mahasiswa_id, siak_kelas_kuliah_id, kategori, status, kehadiran, tugas, uts, uas, nilai, huruf_mutu, angka_mutu, nilai_akhir, is_deleted, created_at, updated_at) VALUES ('ea2ad2c8-5534-4174-95d8-6e515aaef9d7', '74c98dd1-0769-4537-b1e8-d245cc003cc5', 'a5ecfca6-9506-47fd-92c4-3846b57b4d87', 'baru', NULL, NULL, NULL, NULL, NULL, NULL, NULL, NULL, NULL, false, '2025-06-09 06:39:21.852002', NULL);
INSERT INTO public.siak_rincian_krs_mahasiswa (id, siak_krs_mahasiswa_id, siak_kelas_kuliah_id, kategori, status, kehadiran, tugas, uts, uas, nilai, huruf_mutu, angka_mutu, nilai_akhir, is_deleted, created_at, updated_at) VALUES ('b9b4a81d-7cf6-4637-b2ca-8b5014153ce8', '74c98dd1-0769-4537-b1e8-d245cc003cc5', '496b7d88-6cf8-4408-93af-82f02955056a', 'baru', NULL, NULL, NULL, NULL, NULL, NULL, NULL, NULL, NULL, false, '2025-06-09 06:39:21.852002', NULL);
INSERT INTO public.siak_rincian_krs_mahasiswa (id, siak_krs_mahasiswa_id, siak_kelas_kuliah_id, kategori, status, kehadiran, tugas, uts, uas, nilai, huruf_mutu, angka_mutu, nilai_akhir, is_deleted, created_at, updated_at) VALUES ('199f1f83-c2ab-4c08-aee0-67a81d441c34', '74c98dd1-0769-4537-b1e8-d245cc003cc5', '19803271-f8e7-437d-8eed-5a55ce461e82', 'baru', NULL, NULL, NULL, NULL, NULL, NULL, NULL, NULL, NULL, false, '2025-06-09 06:39:21.852002', NULL);
INSERT INTO public.siak_rincian_krs_mahasiswa (id, siak_krs_mahasiswa_id, siak_kelas_kuliah_id, kategori, status, kehadiran, tugas, uts, uas, nilai, huruf_mutu, angka_mutu, nilai_akhir, is_deleted, created_at, updated_at) VALUES ('a36f7bd9-cda5-49d3-b469-11b164d51809', '35597bcd-f664-4a5e-85f0-4905a0e69d1b', 'a5ecfca6-9506-47fd-92c4-3846b57b4d87', 'baru', NULL, NULL, NULL, NULL, NULL, NULL, NULL, NULL, NULL, false, '2025-06-09 06:39:21.852002', NULL);
INSERT INTO public.siak_rincian_krs_mahasiswa (id, siak_krs_mahasiswa_id, siak_kelas_kuliah_id, kategori, status, kehadiran, tugas, uts, uas, nilai, huruf_mutu, angka_mutu, nilai_akhir, is_deleted, created_at, updated_at) VALUES ('b08e03e3-7ff6-419a-9b2b-6b951d1521fc', '35597bcd-f664-4a5e-85f0-4905a0e69d1b', '496b7d88-6cf8-4408-93af-82f02955056a', 'baru', NULL, NULL, NULL, NULL, NULL, NULL, NULL, NULL, NULL, false, '2025-06-09 06:39:21.852002', NULL);
INSERT INTO public.siak_rincian_krs_mahasiswa (id, siak_krs_mahasiswa_id, siak_kelas_kuliah_id, kategori, status, kehadiran, tugas, uts, uas, nilai, huruf_mutu, angka_mutu, nilai_akhir, is_deleted, created_at, updated_at) VALUES ('b1675c64-4dc2-4f90-a2f6-0f044a6fabf0', '35597bcd-f664-4a5e-85f0-4905a0e69d1b', '19803271-f8e7-437d-8eed-5a55ce461e82', 'baru', NULL, NULL, NULL, NULL, NULL, NULL, NULL, NULL, NULL, false, '2025-06-09 06:39:21.852002', NULL);
INSERT INTO public.siak_rincian_krs_mahasiswa (id, siak_krs_mahasiswa_id, siak_kelas_kuliah_id, kategori, status, kehadiran, tugas, uts, uas, nilai, huruf_mutu, angka_mutu, nilai_akhir, is_deleted, created_at, updated_at) VALUES ('7b770db5-0a27-4776-b0ae-776f11c0a72c', '92d402d4-2ca3-479f-8f0b-f829c539f008', 'a5ecfca6-9506-47fd-92c4-3846b57b4d87', 'baru', NULL, NULL, NULL, NULL, NULL, NULL, NULL, NULL, NULL, false, '2025-06-09 06:39:21.852002', NULL);
INSERT INTO public.siak_rincian_krs_mahasiswa (id, siak_krs_mahasiswa_id, siak_kelas_kuliah_id, kategori, status, kehadiran, tugas, uts, uas, nilai, huruf_mutu, angka_mutu, nilai_akhir, is_deleted, created_at, updated_at) VALUES ('1505f259-9eee-4378-975e-3b972b33a6e6', '92d402d4-2ca3-479f-8f0b-f829c539f008', '496b7d88-6cf8-4408-93af-82f02955056a', 'baru', NULL, NULL, NULL, NULL, NULL, NULL, NULL, NULL, NULL, false, '2025-06-09 06:39:21.852002', NULL);
INSERT INTO public.siak_rincian_krs_mahasiswa (id, siak_krs_mahasiswa_id, siak_kelas_kuliah_id, kategori, status, kehadiran, tugas, uts, uas, nilai, huruf_mutu, angka_mutu, nilai_akhir, is_deleted, created_at, updated_at) VALUES ('53b10361-d506-4524-b89f-24df8108b89a', '92d402d4-2ca3-479f-8f0b-f829c539f008', '19803271-f8e7-437d-8eed-5a55ce461e82', 'baru', NULL, NULL, NULL, NULL, NULL, NULL, NULL, NULL, NULL, false, '2025-06-09 06:39:21.852002', NULL);


--
-- Data for Name: siak_invoice_pembayaran_komponen; Type: TABLE DATA; Schema: public; Owner: postgres
--

INSERT INTO public.siak_invoice_pembayaran_komponen (id, siak_invoice_mahasiswa_id, siak_invoice_komponen_mahasiswa_id, tagihan, is_deleted, created_at, updated_at, siak_krs_mahasiswa_id, siak_rincian_krs_mahasiswa_id) VALUES ('da0f8a95-e517-4a5f-ab61-33e1fe6ea249', 'dd1507f1-3a59-4e21-a4bf-06575de75e0a', 'f8f36bde-dd84-4571-97f1-79d0e61e9031', 2000000.00, false, '2025-06-09 06:47:02.266986', NULL, NULL, NULL);
INSERT INTO public.siak_invoice_pembayaran_komponen (id, siak_invoice_mahasiswa_id, siak_invoice_komponen_mahasiswa_id, tagihan, is_deleted, created_at, updated_at, siak_krs_mahasiswa_id, siak_rincian_krs_mahasiswa_id) VALUES ('301a76c5-50f6-466e-b770-e5b2e7ff9c28', 'dd1507f1-3a59-4e21-a4bf-06575de75e0a', 'ab7becdd-64ad-48bf-96b8-97dc1475b532', 2100000.00, false, '2025-06-09 06:47:02.266986', NULL, NULL, NULL);
INSERT INTO public.siak_invoice_pembayaran_komponen (id, siak_invoice_mahasiswa_id, siak_invoice_komponen_mahasiswa_id, tagihan, is_deleted, created_at, updated_at, siak_krs_mahasiswa_id, siak_rincian_krs_mahasiswa_id) VALUES ('a1e6eab2-e08c-439a-bc72-49cf2ad3adf3', '01e2e909-7985-4e99-b552-44999c976187', 'f8f36bde-dd84-4571-97f1-79d0e61e9031', 2000000.00, false, '2025-06-09 06:47:02.266986', NULL, NULL, NULL);
INSERT INTO public.siak_invoice_pembayaran_komponen (id, siak_invoice_mahasiswa_id, siak_invoice_komponen_mahasiswa_id, tagihan, is_deleted, created_at, updated_at, siak_krs_mahasiswa_id, siak_rincian_krs_mahasiswa_id) VALUES ('f04503a2-71f8-44d7-8e5c-0139998415c8', '01e2e909-7985-4e99-b552-44999c976187', 'ab7becdd-64ad-48bf-96b8-97dc1475b532', 2100000.00, false, '2025-06-09 06:47:02.266986', NULL, NULL, NULL);
INSERT INTO public.siak_invoice_pembayaran_komponen (id, siak_invoice_mahasiswa_id, siak_invoice_komponen_mahasiswa_id, tagihan, is_deleted, created_at, updated_at, siak_krs_mahasiswa_id, siak_rincian_krs_mahasiswa_id) VALUES ('0f642be3-e688-4c97-8db6-bb08f2f68dfb', '01e2e909-7985-4e99-b552-44999c976187', '38a87d92-4cce-4307-995c-db19f6a1b982', 2200000.00, false, '2025-06-09 06:47:02.266986', NULL, NULL, NULL);
INSERT INTO public.siak_invoice_pembayaran_komponen (id, siak_invoice_mahasiswa_id, siak_invoice_komponen_mahasiswa_id, tagihan, is_deleted, created_at, updated_at, siak_krs_mahasiswa_id, siak_rincian_krs_mahasiswa_id) VALUES ('58bee5d0-c0df-497f-adb3-84e88ba6465d', '135f2969-620e-4d55-8679-622db9641343', 'f8f36bde-dd84-4571-97f1-79d0e61e9031', 2000000.00, false, '2025-06-09 06:47:02.266986', NULL, NULL, NULL);
INSERT INTO public.siak_invoice_pembayaran_komponen (id, siak_invoice_mahasiswa_id, siak_invoice_komponen_mahasiswa_id, tagihan, is_deleted, created_at, updated_at, siak_krs_mahasiswa_id, siak_rincian_krs_mahasiswa_id) VALUES ('dbd1d297-d64e-43fc-a4fa-f052a2cb633c', '135f2969-620e-4d55-8679-622db9641343', 'ab7becdd-64ad-48bf-96b8-97dc1475b532', 2100000.00, false, '2025-06-09 06:47:02.266986', NULL, NULL, NULL);
INSERT INTO public.siak_invoice_pembayaran_komponen (id, siak_invoice_mahasiswa_id, siak_invoice_komponen_mahasiswa_id, tagihan, is_deleted, created_at, updated_at, siak_krs_mahasiswa_id, siak_rincian_krs_mahasiswa_id) VALUES ('2ec43897-a88f-4a85-b852-00d66a8b0dac', '135f2969-620e-4d55-8679-622db9641343', '38a87d92-4cce-4307-995c-db19f6a1b982', 2200000.00, false, '2025-06-09 06:47:02.266986', NULL, NULL, NULL);
INSERT INTO public.siak_invoice_pembayaran_komponen (id, siak_invoice_mahasiswa_id, siak_invoice_komponen_mahasiswa_id, tagihan, is_deleted, created_at, updated_at, siak_krs_mahasiswa_id, siak_rincian_krs_mahasiswa_id) VALUES ('35994ff4-b616-47dc-8296-d4949a1f7272', '135f2969-620e-4d55-8679-622db9641343', '0d5e1aa4-6b5e-4b86-a817-06a14e00587c', 900000.00, false, '2025-06-09 06:47:02.266986', NULL, '35597bcd-f664-4a5e-85f0-4905a0e69d1b', NULL);
INSERT INTO public.siak_invoice_pembayaran_komponen (id, siak_invoice_mahasiswa_id, siak_invoice_komponen_mahasiswa_id, tagihan, is_deleted, created_at, updated_at, siak_krs_mahasiswa_id, siak_rincian_krs_mahasiswa_id) VALUES ('d7d5e16f-63bf-439e-96b5-c9743d98f282', 'd1d7c878-49b3-49e6-b3c7-902ffdbd4e6c', 'f8f36bde-dd84-4571-97f1-79d0e61e9031', 2000000.00, false, '2025-06-09 06:47:02.266986', NULL, NULL, NULL);
INSERT INTO public.siak_invoice_pembayaran_komponen (id, siak_invoice_mahasiswa_id, siak_invoice_komponen_mahasiswa_id, tagihan, is_deleted, created_at, updated_at, siak_krs_mahasiswa_id, siak_rincian_krs_mahasiswa_id) VALUES ('7911db39-2562-40d7-978d-74c407316aa3', 'd1d7c878-49b3-49e6-b3c7-902ffdbd4e6c', 'ab7becdd-64ad-48bf-96b8-97dc1475b532', 2100000.00, false, '2025-06-09 06:47:02.266986', NULL, NULL, NULL);


--
-- Data for Name: siak_ruangan; Type: TABLE DATA; Schema: public; Owner: postgres
--

INSERT INTO public.siak_ruangan (id, siak_program_studi_id, siak_fakultas_id, nama_ruangan, kapasitas, lantai, is_deleted, created_at, updated_at) VALUES ('e94f1afd-2ab5-45a0-94e1-540b365b98a4', '14bab8ca-c3ab-44f2-88f5-e5065144c9e2', '00000000-0000-0000-0000-000000000006', 'Ruang 202', 40, '2', false, '2025-06-08 09:31:50.145751', NULL);
INSERT INTO public.siak_ruangan (id, siak_program_studi_id, siak_fakultas_id, nama_ruangan, kapasitas, lantai, is_deleted, created_at, updated_at) VALUES ('d4ba3c0f-f0f6-4610-9ed2-606be5c01992', '14bab8ca-c3ab-44f2-88f5-e5065144c9e2', '00000000-0000-0000-0000-000000000006', 'Ruang 203', 40, '2', false, '2025-06-08 09:31:50.145751', NULL);
INSERT INTO public.siak_ruangan (id, siak_program_studi_id, siak_fakultas_id, nama_ruangan, kapasitas, lantai, is_deleted, created_at, updated_at) VALUES ('0f6db7c3-7e35-4735-9d75-a4b831dc755e', '14bab8ca-c3ab-44f2-88f5-e5065144c9e2', '00000000-0000-0000-0000-000000000006', 'Ruang 204', 40, '2', false, '2025-06-08 09:31:50.145751', NULL);
INSERT INTO public.siak_ruangan (id, siak_program_studi_id, siak_fakultas_id, nama_ruangan, kapasitas, lantai, is_deleted, created_at, updated_at) VALUES ('abc77aac-5d21-439b-a468-75155e31854b', '14bab8ca-c3ab-44f2-88f5-e5065144c9e2', '00000000-0000-0000-0000-000000000006', 'Ruang 205', 40, '2', false, '2025-06-08 09:31:50.145751', NULL);
INSERT INTO public.siak_ruangan (id, siak_program_studi_id, siak_fakultas_id, nama_ruangan, kapasitas, lantai, is_deleted, created_at, updated_at) VALUES ('9b19da86-8eaf-41b1-a906-f22190a0a511', '14bab8ca-c3ab-44f2-88f5-e5065144c9e2', '00000000-0000-0000-0000-000000000006', 'Ruang 206', 40, '2', false, '2025-06-08 09:31:50.145751', NULL);
INSERT INTO public.siak_ruangan (id, siak_program_studi_id, siak_fakultas_id, nama_ruangan, kapasitas, lantai, is_deleted, created_at, updated_at) VALUES ('218eb87f-b536-4f1e-ba07-075f33ba4140', '14bab8ca-c3ab-44f2-88f5-e5065144c9e2', '00000000-0000-0000-0000-000000000006', 'Ruang 207', 40, '2', false, '2025-06-08 09:31:50.145751', NULL);
INSERT INTO public.siak_ruangan (id, siak_program_studi_id, siak_fakultas_id, nama_ruangan, kapasitas, lantai, is_deleted, created_at, updated_at) VALUES ('e09d6708-9ca8-4cee-bd9d-ea38cacd4b98', '14bab8ca-c3ab-44f2-88f5-e5065144c9e2', '00000000-0000-0000-0000-000000000006', 'Ruang 208', 40, '2', false, '2025-06-08 09:31:50.145751', NULL);
INSERT INTO public.siak_ruangan (id, siak_program_studi_id, siak_fakultas_id, nama_ruangan, kapasitas, lantai, is_deleted, created_at, updated_at) VALUES ('e6d49f16-a878-46cb-b5f6-f9bc04fe78aa', '14bab8ca-c3ab-44f2-88f5-e5065144c9e2', '00000000-0000-0000-0000-000000000006', 'Ruang 302', 40, '3', false, '2025-06-08 09:31:50.145751', NULL);
INSERT INTO public.siak_ruangan (id, siak_program_studi_id, siak_fakultas_id, nama_ruangan, kapasitas, lantai, is_deleted, created_at, updated_at) VALUES ('cd1a2779-ada7-43cb-a903-b36644e9db43', '14bab8ca-c3ab-44f2-88f5-e5065144c9e2', '00000000-0000-0000-0000-000000000006', 'Ruang 303', 40, '3', false, '2025-06-08 09:31:50.145751', NULL);
INSERT INTO public.siak_ruangan (id, siak_program_studi_id, siak_fakultas_id, nama_ruangan, kapasitas, lantai, is_deleted, created_at, updated_at) VALUES ('6ed67941-ab8c-4e19-9c11-6e8b1a1f3687', '14bab8ca-c3ab-44f2-88f5-e5065144c9e2', '00000000-0000-0000-0000-000000000006', 'Ruang 304', 40, '3', false, '2025-06-08 09:31:50.145751', NULL);
INSERT INTO public.siak_ruangan (id, siak_program_studi_id, siak_fakultas_id, nama_ruangan, kapasitas, lantai, is_deleted, created_at, updated_at) VALUES ('5af1ec7e-5d38-4b0d-8592-c70c889eb6b5', '14bab8ca-c3ab-44f2-88f5-e5065144c9e2', '00000000-0000-0000-0000-000000000006', 'Ruang 305', 40, '3', false, '2025-06-08 09:31:50.145751', NULL);
INSERT INTO public.siak_ruangan (id, siak_program_studi_id, siak_fakultas_id, nama_ruangan, kapasitas, lantai, is_deleted, created_at, updated_at) VALUES ('947d10f4-6cde-4c81-a7de-8c63e6e76a38', '14bab8ca-c3ab-44f2-88f5-e5065144c9e2', '00000000-0000-0000-0000-000000000006', 'Ruang 306', 40, '3', false, '2025-06-08 09:31:50.145751', NULL);
INSERT INTO public.siak_ruangan (id, siak_program_studi_id, siak_fakultas_id, nama_ruangan, kapasitas, lantai, is_deleted, created_at, updated_at) VALUES ('8c26bd5f-f949-461d-9aaa-fa0903a391df', '14bab8ca-c3ab-44f2-88f5-e5065144c9e2', '00000000-0000-0000-0000-000000000006', 'Ruang 307', 40, '3', false, '2025-06-08 09:31:50.145751', NULL);
INSERT INTO public.siak_ruangan (id, siak_program_studi_id, siak_fakultas_id, nama_ruangan, kapasitas, lantai, is_deleted, created_at, updated_at) VALUES ('ad6b10af-c1d5-4374-b9fe-2310a307a297', '14bab8ca-c3ab-44f2-88f5-e5065144c9e2', '00000000-0000-0000-0000-000000000006', 'Ruang 308', 40, '3', false, '2025-06-08 09:31:50.145751', NULL);


--
-- Data for Name: siak_jadwal_kuliah; Type: TABLE DATA; Schema: public; Owner: postgres
--

INSERT INTO public.siak_jadwal_kuliah (id, siak_dosen_id, siak_kelas_kuliah_id, siak_ruangan_id, jam_mulai, jam_selesai, hari, jenis_pertemuan, metode_pembelajaran, is_deleted, created_at, updated_at) VALUES ('e07d1a55-c39a-4598-8a5c-42658dde4e83', 'b224c7d0-d550-4e64-8862-70b4a767f25f', '496b7d88-6cf8-4408-93af-82f02955056a', 'd4ba3c0f-f0f6-4610-9ed2-606be5c01992', '09:00:00', '10:20:00', 'selasa', 'kuliah', 'online', false, '2025-06-08 11:15:57.855344', NULL);
INSERT INTO public.siak_jadwal_kuliah (id, siak_dosen_id, siak_kelas_kuliah_id, siak_ruangan_id, jam_mulai, jam_selesai, hari, jenis_pertemuan, metode_pembelajaran, is_deleted, created_at, updated_at) VALUES ('b13b8e53-63a7-49b4-9b85-dc93b6a54101', 'b19fae83-6934-4ffd-aae5-cab6760f6788', 'c36d09a4-9f56-49cb-8a8d-a365d5d8778d', 'abc77aac-5d21-439b-a468-75155e31854b', '09:00:00', '11:00:00', 'kamis', 'kuliah', 'offline', false, '2025-06-08 11:15:57.855344', NULL);
INSERT INTO public.siak_jadwal_kuliah (id, siak_dosen_id, siak_kelas_kuliah_id, siak_ruangan_id, jam_mulai, jam_selesai, hari, jenis_pertemuan, metode_pembelajaran, is_deleted, created_at, updated_at) VALUES ('a9e29ea9-13cf-4128-98a3-3bca33fcf21c', 'b8d29f80-bb00-4d66-9257-645f303fffb3', '19803271-f8e7-437d-8eed-5a55ce461e82', '0f6db7c3-7e35-4735-9d75-a4b831dc755e', '09:00:00', '11:00:00', 'rabu', 'kuliah', 'hybrid', false, '2025-06-08 11:15:57.855344', NULL);
INSERT INTO public.siak_jadwal_kuliah (id, siak_dosen_id, siak_kelas_kuliah_id, siak_ruangan_id, jam_mulai, jam_selesai, hari, jenis_pertemuan, metode_pembelajaran, is_deleted, created_at, updated_at) VALUES ('edc89fab-567a-499b-81b8-63215e092306', '004345c6-cc13-4fb2-9973-6fa62a356fb2', 'a5ecfca6-9506-47fd-92c4-3846b57b4d87', 'e94f1afd-2ab5-45a0-94e1-540b365b98a4', '09:00:00', '10:20:00', 'senin', 'kuliah', 'offline', false, '2025-06-08 11:15:57.855344', NULL);


--
-- Data for Name: siak_rps; Type: TABLE DATA; Schema: public; Owner: postgres
--

INSERT INTO public.siak_rps (id, siak_mata_kuliah_id, siak_program_studi_id, siak_periode_akademik_id, siak_tahun_kurikulum_id, tanggal_penyusun, deskripsi_mata_kuliah, tujuan_mata_kuliah, materi_pembelajaran, pustaka_utama, pustaka_pendukung, dokumen_rps, is_deleted, created_at, updated_at) VALUES ('259defba-1a70-41b2-814f-34024c6ec169', 'e91323d4-5d69-4618-a7ec-ed0156b4376f', '14bab8ca-c3ab-44f2-88f5-e5065144c9e2', 'e978217c-3b10-48c4-aeb3-33050add3abe', '8f383ece-dbd7-4412-8dd9-a7464519dca5', '2025-06-09', 'Lorem', 'Lorem', 'Lorem', 'Lorem', 'Lorem', '\xf188f5e6b0334bb0bc12f001fe58c6e7', false, '2025-06-09 04:37:46.102868', NULL);
INSERT INTO public.siak_rps (id, siak_mata_kuliah_id, siak_program_studi_id, siak_periode_akademik_id, siak_tahun_kurikulum_id, tanggal_penyusun, deskripsi_mata_kuliah, tujuan_mata_kuliah, materi_pembelajaran, pustaka_utama, pustaka_pendukung, dokumen_rps, is_deleted, created_at, updated_at) VALUES ('b8c96e0a-1122-4404-9496-48bb7f761176', 'b6c01270-3824-4130-b88f-3fdc550c4db5', '14bab8ca-c3ab-44f2-88f5-e5065144c9e2', 'e978217c-3b10-48c4-aeb3-33050add3abe', '8f383ece-dbd7-4412-8dd9-a7464519dca5', '2025-06-09', 'Lorem', 'Lorem', 'Lorem', 'Lorem', 'Lorem', '\xea048d6105ed413881c2be2135e91660', false, '2025-06-09 04:37:46.102868', NULL);
INSERT INTO public.siak_rps (id, siak_mata_kuliah_id, siak_program_studi_id, siak_periode_akademik_id, siak_tahun_kurikulum_id, tanggal_penyusun, deskripsi_mata_kuliah, tujuan_mata_kuliah, materi_pembelajaran, pustaka_utama, pustaka_pendukung, dokumen_rps, is_deleted, created_at, updated_at) VALUES ('4290e691-9b80-4c9c-8bdf-c66d2cf007c6', '34263153-87f7-452e-b4f7-a41f24d0bd1c', '14bab8ca-c3ab-44f2-88f5-e5065144c9e2', 'e978217c-3b10-48c4-aeb3-33050add3abe', '8f383ece-dbd7-4412-8dd9-a7464519dca5', '2025-06-09', 'Lorem', 'Lorem', 'Lorem', 'Lorem', 'Lorem', '\x046e95a5c08f4a40b55639e4d5fb3300', false, '2025-06-09 04:37:46.102868', NULL);
INSERT INTO public.siak_rps (id, siak_mata_kuliah_id, siak_program_studi_id, siak_periode_akademik_id, siak_tahun_kurikulum_id, tanggal_penyusun, deskripsi_mata_kuliah, tujuan_mata_kuliah, materi_pembelajaran, pustaka_utama, pustaka_pendukung, dokumen_rps, is_deleted, created_at, updated_at) VALUES ('413950e1-0f43-4d12-ad70-165e3dbd40e7', '8098bd54-68e4-42c4-8bb0-65f0acc6f9b5', '14bab8ca-c3ab-44f2-88f5-e5065144c9e2', 'e978217c-3b10-48c4-aeb3-33050add3abe', '8f383ece-dbd7-4412-8dd9-a7464519dca5', '2025-06-09', 'Lorem', 'Lorem', 'Lorem', 'Lorem', 'Lorem', '\xf2159025e6884612ad5e0c2f91652255', false, '2025-06-09 04:37:46.102868', NULL);


--
-- Data for Name: siak_kelas_rps; Type: TABLE DATA; Schema: public; Owner: postgres
--

INSERT INTO public.siak_kelas_rps (siak_kelas_kuliah_id, siak_rps_id, is_deleted, created_at, updated_at) VALUES ('a5ecfca6-9506-47fd-92c4-3846b57b4d87', '259defba-1a70-41b2-814f-34024c6ec169', false, '2025-06-09 04:39:58.879424', NULL);
INSERT INTO public.siak_kelas_rps (siak_kelas_kuliah_id, siak_rps_id, is_deleted, created_at, updated_at) VALUES ('496b7d88-6cf8-4408-93af-82f02955056a', 'b8c96e0a-1122-4404-9496-48bb7f761176', false, '2025-06-09 04:39:58.879424', NULL);
INSERT INTO public.siak_kelas_rps (siak_kelas_kuliah_id, siak_rps_id, is_deleted, created_at, updated_at) VALUES ('19803271-f8e7-437d-8eed-5a55ce461e82', '4290e691-9b80-4c9c-8bdf-c66d2cf007c6', false, '2025-06-09 04:39:58.879424', NULL);
INSERT INTO public.siak_kelas_rps (siak_kelas_kuliah_id, siak_rps_id, is_deleted, created_at, updated_at) VALUES ('c36d09a4-9f56-49cb-8a8d-a365d5d8778d', '413950e1-0f43-4d12-ad70-165e3dbd40e7', false, '2025-06-09 04:39:58.879424', NULL);


--
-- Data for Name: siak_keluarga_mahasiswa; Type: TABLE DATA; Schema: public; Owner: postgres
--

INSERT INTO public.siak_keluarga_mahasiswa (id, siak_mahasiswa_id, hubungan, nama, nik, tanggal_lahir, status_hidup, status_kerabat, pendidikan, pekerjaan, penghasilan, alamat, no_telepon, email, foto_profil, ijzah_sekolah, is_deleted, created_at, updated_at) VALUES ('c46d649c-f4e1-4089-a5a5-4e79a25f69e8', 'e0aecec7-53d4-4f2e-8653-630ba2d627f6', 'keluarga', 'ortu', '123124', '1960-10-20', 'hidup', 'kandung', 'sma', 'swasta', '10000000', 'Lorem', '12312', 'ortu1@mail.co', NULL, NULL, false, '2025-06-09 06:53:08.865981', NULL);
INSERT INTO public.siak_keluarga_mahasiswa (id, siak_mahasiswa_id, hubungan, nama, nik, tanggal_lahir, status_hidup, status_kerabat, pendidikan, pekerjaan, penghasilan, alamat, no_telepon, email, foto_profil, ijzah_sekolah, is_deleted, created_at, updated_at) VALUES ('311c5921-9674-4ff8-8f64-43e37e1f8dbd', '6f456bd8-82ea-400a-afd3-33cca6a520a6', 'keluarga', 'ortu', '1242354', '1960-10-20', 'hidup', 'kandung', 'sma', 'swasta', '10000000', 'Lorem', '1542', 'ortu2@mail.co', NULL, NULL, false, '2025-06-09 06:53:08.865981', NULL);
INSERT INTO public.siak_keluarga_mahasiswa (id, siak_mahasiswa_id, hubungan, nama, nik, tanggal_lahir, status_hidup, status_kerabat, pendidikan, pekerjaan, penghasilan, alamat, no_telepon, email, foto_profil, ijzah_sekolah, is_deleted, created_at, updated_at) VALUES ('fa380d85-d0e4-48aa-8f7d-a867c86f3e72', '7bc74e8b-13e5-4026-9517-babe48c94f06', 'keluarga', 'ortu', '7456', '1960-10-20', 'hidup', 'kandung', 'sma', 'swasta', '10000000', 'Lorem', '64534', 'ortu3@mail.co', NULL, NULL, false, '2025-06-09 06:53:08.865981', NULL);
INSERT INTO public.siak_keluarga_mahasiswa (id, siak_mahasiswa_id, hubungan, nama, nik, tanggal_lahir, status_hidup, status_kerabat, pendidikan, pekerjaan, penghasilan, alamat, no_telepon, email, foto_profil, ijzah_sekolah, is_deleted, created_at, updated_at) VALUES ('c3aeac83-13e6-4481-a233-4767927f13ff', '42268a4a-11cf-4fc4-9632-2340f65ae5a2', 'keluarga', 'ortu', '123125', '1960-10-20', 'hidup', 'kandung', 'sma', 'swasta', '10000000', 'Lorem', '7564523', 'ortu4@mail.co', NULL, NULL, false, '2025-06-09 06:53:08.865981', NULL);
INSERT INTO public.siak_keluarga_mahasiswa (id, siak_mahasiswa_id, hubungan, nama, nik, tanggal_lahir, status_hidup, status_kerabat, pendidikan, pekerjaan, penghasilan, alamat, no_telepon, email, foto_profil, ijzah_sekolah, is_deleted, created_at, updated_at) VALUES ('189f5030-8ebf-4b9c-bcf7-4911ec22217d', 'efc8f135-2a44-48f8-a21b-30527f4e70f6', 'keluarga', 'ortu', '1235', '1960-10-20', 'hidup', 'kandung', 'sma', 'swasta', '10000000', 'Lorem', '2345', 'ortu5@mail.co', NULL, NULL, false, '2025-06-09 06:53:08.865981', NULL);


--
-- Data for Name: siak_komposisi_nilai; Type: TABLE DATA; Schema: public; Owner: postgres
--

INSERT INTO public.siak_komposisi_nilai (id, siak_tahun_kurikulum_id, nama, persentase, is_deleted, created_at, updated_at) VALUES ('bb14040f-935f-42b8-82ed-ea16c2ddb8ee', '8f383ece-dbd7-4412-8dd9-a7464519dca5', 'Kehadiran', 15.00, false, '2025-06-09 04:35:28.477424', NULL);
INSERT INTO public.siak_komposisi_nilai (id, siak_tahun_kurikulum_id, nama, persentase, is_deleted, created_at, updated_at) VALUES ('3cdf7474-3c8d-48e7-9867-753840f0567d', '8f383ece-dbd7-4412-8dd9-a7464519dca5', 'Tugas', 20.00, false, '2025-06-09 04:35:28.477424', NULL);
INSERT INTO public.siak_komposisi_nilai (id, siak_tahun_kurikulum_id, nama, persentase, is_deleted, created_at, updated_at) VALUES ('05ac5503-7280-4658-be7a-5834a9645e07', '8f383ece-dbd7-4412-8dd9-a7464519dca5', 'UTS', 25.00, false, '2025-06-09 04:35:28.477424', NULL);
INSERT INTO public.siak_komposisi_nilai (id, siak_tahun_kurikulum_id, nama, persentase, is_deleted, created_at, updated_at) VALUES ('c935e62e-940d-4fb2-beaf-848cbe544f60', '8f383ece-dbd7-4412-8dd9-a7464519dca5', 'UAS', 40.00, false, '2025-06-09 04:35:28.477424', NULL);


--
-- Data for Name: siak_komposisi_nilai_mata_kuliah; Type: TABLE DATA; Schema: public; Owner: postgres
--

INSERT INTO public.siak_komposisi_nilai_mata_kuliah (siak_mata_kuliah_id, siak_komposisi_nilai_id, is_deleted, created_at, updated_at) VALUES ('e91323d4-5d69-4618-a7ec-ed0156b4376f', 'bb14040f-935f-42b8-82ed-ea16c2ddb8ee', false, '2025-06-09 04:36:17.208617', NULL);
INSERT INTO public.siak_komposisi_nilai_mata_kuliah (siak_mata_kuliah_id, siak_komposisi_nilai_id, is_deleted, created_at, updated_at) VALUES ('e91323d4-5d69-4618-a7ec-ed0156b4376f', '3cdf7474-3c8d-48e7-9867-753840f0567d', false, '2025-06-09 04:36:17.208617', NULL);
INSERT INTO public.siak_komposisi_nilai_mata_kuliah (siak_mata_kuliah_id, siak_komposisi_nilai_id, is_deleted, created_at, updated_at) VALUES ('e91323d4-5d69-4618-a7ec-ed0156b4376f', '05ac5503-7280-4658-be7a-5834a9645e07', false, '2025-06-09 04:36:17.208617', NULL);
INSERT INTO public.siak_komposisi_nilai_mata_kuliah (siak_mata_kuliah_id, siak_komposisi_nilai_id, is_deleted, created_at, updated_at) VALUES ('e91323d4-5d69-4618-a7ec-ed0156b4376f', 'c935e62e-940d-4fb2-beaf-848cbe544f60', false, '2025-06-09 04:36:17.208617', NULL);
INSERT INTO public.siak_komposisi_nilai_mata_kuliah (siak_mata_kuliah_id, siak_komposisi_nilai_id, is_deleted, created_at, updated_at) VALUES ('b6c01270-3824-4130-b88f-3fdc550c4db5', 'bb14040f-935f-42b8-82ed-ea16c2ddb8ee', false, '2025-06-09 04:36:17.208617', NULL);
INSERT INTO public.siak_komposisi_nilai_mata_kuliah (siak_mata_kuliah_id, siak_komposisi_nilai_id, is_deleted, created_at, updated_at) VALUES ('b6c01270-3824-4130-b88f-3fdc550c4db5', '3cdf7474-3c8d-48e7-9867-753840f0567d', false, '2025-06-09 04:36:17.208617', NULL);
INSERT INTO public.siak_komposisi_nilai_mata_kuliah (siak_mata_kuliah_id, siak_komposisi_nilai_id, is_deleted, created_at, updated_at) VALUES ('b6c01270-3824-4130-b88f-3fdc550c4db5', '05ac5503-7280-4658-be7a-5834a9645e07', false, '2025-06-09 04:36:17.208617', NULL);
INSERT INTO public.siak_komposisi_nilai_mata_kuliah (siak_mata_kuliah_id, siak_komposisi_nilai_id, is_deleted, created_at, updated_at) VALUES ('b6c01270-3824-4130-b88f-3fdc550c4db5', 'c935e62e-940d-4fb2-beaf-848cbe544f60', false, '2025-06-09 04:36:17.208617', NULL);
INSERT INTO public.siak_komposisi_nilai_mata_kuliah (siak_mata_kuliah_id, siak_komposisi_nilai_id, is_deleted, created_at, updated_at) VALUES ('34263153-87f7-452e-b4f7-a41f24d0bd1c', 'bb14040f-935f-42b8-82ed-ea16c2ddb8ee', false, '2025-06-09 04:36:17.208617', NULL);
INSERT INTO public.siak_komposisi_nilai_mata_kuliah (siak_mata_kuliah_id, siak_komposisi_nilai_id, is_deleted, created_at, updated_at) VALUES ('34263153-87f7-452e-b4f7-a41f24d0bd1c', '3cdf7474-3c8d-48e7-9867-753840f0567d', false, '2025-06-09 04:36:17.208617', NULL);
INSERT INTO public.siak_komposisi_nilai_mata_kuliah (siak_mata_kuliah_id, siak_komposisi_nilai_id, is_deleted, created_at, updated_at) VALUES ('34263153-87f7-452e-b4f7-a41f24d0bd1c', '05ac5503-7280-4658-be7a-5834a9645e07', false, '2025-06-09 04:36:17.208617', NULL);
INSERT INTO public.siak_komposisi_nilai_mata_kuliah (siak_mata_kuliah_id, siak_komposisi_nilai_id, is_deleted, created_at, updated_at) VALUES ('34263153-87f7-452e-b4f7-a41f24d0bd1c', 'c935e62e-940d-4fb2-beaf-848cbe544f60', false, '2025-06-09 04:36:17.208617', NULL);
INSERT INTO public.siak_komposisi_nilai_mata_kuliah (siak_mata_kuliah_id, siak_komposisi_nilai_id, is_deleted, created_at, updated_at) VALUES ('8098bd54-68e4-42c4-8bb0-65f0acc6f9b5', 'bb14040f-935f-42b8-82ed-ea16c2ddb8ee', false, '2025-06-09 04:36:17.208617', NULL);
INSERT INTO public.siak_komposisi_nilai_mata_kuliah (siak_mata_kuliah_id, siak_komposisi_nilai_id, is_deleted, created_at, updated_at) VALUES ('8098bd54-68e4-42c4-8bb0-65f0acc6f9b5', '3cdf7474-3c8d-48e7-9867-753840f0567d', false, '2025-06-09 04:36:17.208617', NULL);
INSERT INTO public.siak_komposisi_nilai_mata_kuliah (siak_mata_kuliah_id, siak_komposisi_nilai_id, is_deleted, created_at, updated_at) VALUES ('8098bd54-68e4-42c4-8bb0-65f0acc6f9b5', '05ac5503-7280-4658-be7a-5834a9645e07', false, '2025-06-09 04:36:17.208617', NULL);
INSERT INTO public.siak_komposisi_nilai_mata_kuliah (siak_mata_kuliah_id, siak_komposisi_nilai_id, is_deleted, created_at, updated_at) VALUES ('8098bd54-68e4-42c4-8bb0-65f0acc6f9b5', 'c935e62e-940d-4fb2-beaf-848cbe544f60', false, '2025-06-09 04:36:17.208617', NULL);


--
-- Data for Name: siak_pembimbing_akademik; Type: TABLE DATA; Schema: public; Owner: postgres
--

INSERT INTO public.siak_pembimbing_akademik (id, siak_dosen_id, siak_periode_akademik_id, siak_mahasiswa_id, no_sk, tanggal_sk, is_deleted, created_at, updated_at) VALUES ('14afb042-ceaa-4574-ae92-3b5d4b4d51ff', '004345c6-cc13-4fb2-9973-6fa62a356fb2', 'e978217c-3b10-48c4-aeb3-33050add3abe', 'e0aecec7-53d4-4f2e-8653-630ba2d627f6', '123123', '2025-06-09', false, '2025-06-09 06:50:46.360773', NULL);
INSERT INTO public.siak_pembimbing_akademik (id, siak_dosen_id, siak_periode_akademik_id, siak_mahasiswa_id, no_sk, tanggal_sk, is_deleted, created_at, updated_at) VALUES ('3b797151-6d24-4b8b-beb4-92834bd76650', 'b224c7d0-d550-4e64-8862-70b4a767f25f', 'e978217c-3b10-48c4-aeb3-33050add3abe', '6f456bd8-82ea-400a-afd3-33cca6a520a6', '123123', '2025-06-09', false, '2025-06-09 06:50:46.360773', NULL);
INSERT INTO public.siak_pembimbing_akademik (id, siak_dosen_id, siak_periode_akademik_id, siak_mahasiswa_id, no_sk, tanggal_sk, is_deleted, created_at, updated_at) VALUES ('7b0cf0cd-ea18-4262-a19c-30444b430ded', 'b8d29f80-bb00-4d66-9257-645f303fffb3', 'e978217c-3b10-48c4-aeb3-33050add3abe', '7bc74e8b-13e5-4026-9517-babe48c94f06', '123123', '2025-06-09', false, '2025-06-09 06:50:46.360773', NULL);
INSERT INTO public.siak_pembimbing_akademik (id, siak_dosen_id, siak_periode_akademik_id, siak_mahasiswa_id, no_sk, tanggal_sk, is_deleted, created_at, updated_at) VALUES ('ff3ce044-3520-4fa5-bae9-0d7bc52767a3', 'b19fae83-6934-4ffd-aae5-cab6760f6788', 'e978217c-3b10-48c4-aeb3-33050add3abe', '42268a4a-11cf-4fc4-9632-2340f65ae5a2', '123123', '2025-06-09', false, '2025-06-09 06:50:46.360773', NULL);
INSERT INTO public.siak_pembimbing_akademik (id, siak_dosen_id, siak_periode_akademik_id, siak_mahasiswa_id, no_sk, tanggal_sk, is_deleted, created_at, updated_at) VALUES ('7824bf64-fff6-43ce-9228-e3a3f9e37e94', '004345c6-cc13-4fb2-9973-6fa62a356fb2', 'e978217c-3b10-48c4-aeb3-33050add3abe', 'efc8f135-2a44-48f8-a21b-30527f4e70f6', '123123', '2025-06-09', false, '2025-06-09 06:50:46.360773', NULL);


--
-- Data for Name: siak_pemetaan_cpl_cpmk; Type: TABLE DATA; Schema: public; Owner: postgres
--

INSERT INTO public.siak_pemetaan_cpl_cpmk (siak_capaian_mata_kuliah_id, siak_capaian_pembelajaran_id, is_deleted, created_at, updated_at) VALUES ('5d52b4f3-e32d-4f71-bc9d-158da91a8da9', 'c5f86e4e-0f6d-4e7c-ae0a-dc88e2284b07', false, '2025-06-09 04:34:25.395141', NULL);
INSERT INTO public.siak_pemetaan_cpl_cpmk (siak_capaian_mata_kuliah_id, siak_capaian_pembelajaran_id, is_deleted, created_at, updated_at) VALUES ('7440afc0-629e-46f7-9cce-c6f43c717d43', '851dcbdf-4cdc-4d25-8fcc-d45c2256f2ea', false, '2025-06-09 04:34:25.395141', NULL);
INSERT INTO public.siak_pemetaan_cpl_cpmk (siak_capaian_mata_kuliah_id, siak_capaian_pembelajaran_id, is_deleted, created_at, updated_at) VALUES ('4e6c786f-b6c8-4571-bfda-24795e6b52a8', 'ce3b9268-fe4c-4f20-bc3a-4e273f915dd0', false, '2025-06-09 04:34:25.395141', NULL);
INSERT INTO public.siak_pemetaan_cpl_cpmk (siak_capaian_mata_kuliah_id, siak_capaian_pembelajaran_id, is_deleted, created_at, updated_at) VALUES ('35761de7-2a88-4131-9fa5-75d3ce4d9d85', '81155c6c-a144-47fa-9a81-e0289dd13c53', false, '2025-06-09 04:34:25.395141', NULL);
INSERT INTO public.siak_pemetaan_cpl_cpmk (siak_capaian_mata_kuliah_id, siak_capaian_pembelajaran_id, is_deleted, created_at, updated_at) VALUES ('ce9ec2ab-7c48-4fea-bf27-08e58712ef27', '73645676-ed0b-43b5-b623-36ac62b1aa19', false, '2025-06-09 04:34:25.395141', NULL);
INSERT INTO public.siak_pemetaan_cpl_cpmk (siak_capaian_mata_kuliah_id, siak_capaian_pembelajaran_id, is_deleted, created_at, updated_at) VALUES ('e39332c4-98ec-4ecb-bebb-f0c5dbfcca88', '8787b184-5d55-4c65-94fa-6b48ef379aa3', false, '2025-06-09 04:34:25.395141', NULL);
INSERT INTO public.siak_pemetaan_cpl_cpmk (siak_capaian_mata_kuliah_id, siak_capaian_pembelajaran_id, is_deleted, created_at, updated_at) VALUES ('be4ef60b-4d4b-4d18-b1fd-fef6e7306cc7', '08e5c3d7-a901-4934-8a36-a94ceebba46e', false, '2025-06-09 04:34:25.395141', NULL);
INSERT INTO public.siak_pemetaan_cpl_cpmk (siak_capaian_mata_kuliah_id, siak_capaian_pembelajaran_id, is_deleted, created_at, updated_at) VALUES ('32d6ad37-7dff-45b8-b078-322289e54dd4', 'f96c927b-9da4-43b5-a673-96cb5b579af1', false, '2025-06-09 04:34:25.395141', NULL);
INSERT INTO public.siak_pemetaan_cpl_cpmk (siak_capaian_mata_kuliah_id, siak_capaian_pembelajaran_id, is_deleted, created_at, updated_at) VALUES ('3baa6999-166c-41f3-baa4-8ed70bc71c9c', '6d104404-fab8-4c90-a078-3f9c16c98416', false, '2025-06-09 04:34:25.395141', NULL);
INSERT INTO public.siak_pemetaan_cpl_cpmk (siak_capaian_mata_kuliah_id, siak_capaian_pembelajaran_id, is_deleted, created_at, updated_at) VALUES ('50de0fb3-27fb-4e57-b17a-09b38ab47472', '03519141-8529-4dc3-b64d-0633a069b230', false, '2025-06-09 04:34:25.395141', NULL);
INSERT INTO public.siak_pemetaan_cpl_cpmk (siak_capaian_mata_kuliah_id, siak_capaian_pembelajaran_id, is_deleted, created_at, updated_at) VALUES ('bd83387e-ce9b-46af-b54c-136d816b9898', 'ce3b9268-fe4c-4f20-bc3a-4e273f915dd0', false, '2025-06-09 04:34:25.395141', NULL);
INSERT INTO public.siak_pemetaan_cpl_cpmk (siak_capaian_mata_kuliah_id, siak_capaian_pembelajaran_id, is_deleted, created_at, updated_at) VALUES ('9a23d74e-8681-4f0f-b999-5dbeced61f45', '81155c6c-a144-47fa-9a81-e0289dd13c53', false, '2025-06-09 04:34:25.395141', NULL);
INSERT INTO public.siak_pemetaan_cpl_cpmk (siak_capaian_mata_kuliah_id, siak_capaian_pembelajaran_id, is_deleted, created_at, updated_at) VALUES ('ea749707-6104-4876-8429-954a87ae56ce', '73645676-ed0b-43b5-b623-36ac62b1aa19', false, '2025-06-09 04:34:25.395141', NULL);
INSERT INTO public.siak_pemetaan_cpl_cpmk (siak_capaian_mata_kuliah_id, siak_capaian_pembelajaran_id, is_deleted, created_at, updated_at) VALUES ('a2376ce8-2770-43ab-9903-e051c1bd7a03', '8787b184-5d55-4c65-94fa-6b48ef379aa3', false, '2025-06-09 04:34:25.395141', NULL);
INSERT INTO public.siak_pemetaan_cpl_cpmk (siak_capaian_mata_kuliah_id, siak_capaian_pembelajaran_id, is_deleted, created_at, updated_at) VALUES ('648db761-ef9b-4283-a693-b8eee530b1da', '08e5c3d7-a901-4934-8a36-a94ceebba46e', false, '2025-06-09 04:34:25.395141', NULL);
INSERT INTO public.siak_pemetaan_cpl_cpmk (siak_capaian_mata_kuliah_id, siak_capaian_pembelajaran_id, is_deleted, created_at, updated_at) VALUES ('7a1c0e61-beaa-4a54-9b4b-b79095a1c843', 'f96c927b-9da4-43b5-a673-96cb5b579af1', false, '2025-06-09 04:34:25.395141', NULL);
INSERT INTO public.siak_pemetaan_cpl_cpmk (siak_capaian_mata_kuliah_id, siak_capaian_pembelajaran_id, is_deleted, created_at, updated_at) VALUES ('4986537b-e77c-4944-8ed6-4af6aa627ab6', '6d104404-fab8-4c90-a078-3f9c16c98416', false, '2025-06-09 04:34:25.395141', NULL);
INSERT INTO public.siak_pemetaan_cpl_cpmk (siak_capaian_mata_kuliah_id, siak_capaian_pembelajaran_id, is_deleted, created_at, updated_at) VALUES ('640e3e60-271f-4a98-8f24-193e7b0b0c64', '03519141-8529-4dc3-b64d-0633a069b230', false, '2025-06-09 04:34:25.395141', NULL);
INSERT INTO public.siak_pemetaan_cpl_cpmk (siak_capaian_mata_kuliah_id, siak_capaian_pembelajaran_id, is_deleted, created_at, updated_at) VALUES ('ab7542bb-f62e-4e82-8619-12c94332c88c', 'f980ea44-d3c5-4ee3-a268-78ab39e867a7', false, '2025-06-09 04:34:25.395141', NULL);
INSERT INTO public.siak_pemetaan_cpl_cpmk (siak_capaian_mata_kuliah_id, siak_capaian_pembelajaran_id, is_deleted, created_at, updated_at) VALUES ('9f533d07-b469-4fdc-be8c-b0a6566fb2c5', '68ebb5aa-ca9b-4376-94dd-bfecb76c4c7c', false, '2025-06-09 04:34:25.395141', NULL);
INSERT INTO public.siak_pemetaan_cpl_cpmk (siak_capaian_mata_kuliah_id, siak_capaian_pembelajaran_id, is_deleted, created_at, updated_at) VALUES ('7b295da8-cb9f-4681-9fbf-689b923527c9', 'dd79c90b-6e50-4d78-a445-c8052b448786', false, '2025-06-09 04:34:25.395141', NULL);
INSERT INTO public.siak_pemetaan_cpl_cpmk (siak_capaian_mata_kuliah_id, siak_capaian_pembelajaran_id, is_deleted, created_at, updated_at) VALUES ('c3be1442-82cb-4349-8e64-86109178a014', 'ce3b9268-fe4c-4f20-bc3a-4e273f915dd0', false, '2025-06-09 04:34:25.395141', NULL);
INSERT INTO public.siak_pemetaan_cpl_cpmk (siak_capaian_mata_kuliah_id, siak_capaian_pembelajaran_id, is_deleted, created_at, updated_at) VALUES ('5de15d2d-0454-4056-9e7f-352f0fe416ab', '81155c6c-a144-47fa-9a81-e0289dd13c53', false, '2025-06-09 04:34:25.395141', NULL);
INSERT INTO public.siak_pemetaan_cpl_cpmk (siak_capaian_mata_kuliah_id, siak_capaian_pembelajaran_id, is_deleted, created_at, updated_at) VALUES ('bb3625a2-b225-4976-99af-83193bbbd0a9', '73645676-ed0b-43b5-b623-36ac62b1aa19', false, '2025-06-09 04:34:25.395141', NULL);
INSERT INTO public.siak_pemetaan_cpl_cpmk (siak_capaian_mata_kuliah_id, siak_capaian_pembelajaran_id, is_deleted, created_at, updated_at) VALUES ('974bba12-27aa-406a-9527-0d37d10a2311', '8787b184-5d55-4c65-94fa-6b48ef379aa3', false, '2025-06-09 04:34:25.395141', NULL);
INSERT INTO public.siak_pemetaan_cpl_cpmk (siak_capaian_mata_kuliah_id, siak_capaian_pembelajaran_id, is_deleted, created_at, updated_at) VALUES ('ceea106a-cecf-4283-bd4b-a36b5057e8a6', '08e5c3d7-a901-4934-8a36-a94ceebba46e', false, '2025-06-09 04:34:25.395141', NULL);
INSERT INTO public.siak_pemetaan_cpl_cpmk (siak_capaian_mata_kuliah_id, siak_capaian_pembelajaran_id, is_deleted, created_at, updated_at) VALUES ('582c96c0-520c-4d69-93dc-a568a8708936', 'f96c927b-9da4-43b5-a673-96cb5b579af1', false, '2025-06-09 04:34:25.395141', NULL);
INSERT INTO public.siak_pemetaan_cpl_cpmk (siak_capaian_mata_kuliah_id, siak_capaian_pembelajaran_id, is_deleted, created_at, updated_at) VALUES ('da64f034-2a2e-46f4-8e74-308cb3c512d5', '6d104404-fab8-4c90-a078-3f9c16c98416', false, '2025-06-09 04:34:25.395141', NULL);
INSERT INTO public.siak_pemetaan_cpl_cpmk (siak_capaian_mata_kuliah_id, siak_capaian_pembelajaran_id, is_deleted, created_at, updated_at) VALUES ('38f22f4a-57b6-4c65-b63c-31105cea33b1', '03519141-8529-4dc3-b64d-0633a069b230', false, '2025-06-09 04:34:25.395141', NULL);
INSERT INTO public.siak_pemetaan_cpl_cpmk (siak_capaian_mata_kuliah_id, siak_capaian_pembelajaran_id, is_deleted, created_at, updated_at) VALUES ('9e64b019-498f-4bff-8423-3c3d25ce3476', 'f980ea44-d3c5-4ee3-a268-78ab39e867a7', false, '2025-06-09 04:34:25.395141', NULL);
INSERT INTO public.siak_pemetaan_cpl_cpmk (siak_capaian_mata_kuliah_id, siak_capaian_pembelajaran_id, is_deleted, created_at, updated_at) VALUES ('d79be47e-f8d8-4e94-9b37-0f6fb6ef305f', '68ebb5aa-ca9b-4376-94dd-bfecb76c4c7c', false, '2025-06-09 04:34:25.395141', NULL);
INSERT INTO public.siak_pemetaan_cpl_cpmk (siak_capaian_mata_kuliah_id, siak_capaian_pembelajaran_id, is_deleted, created_at, updated_at) VALUES ('7bec7380-c503-4873-9a52-c0531e6297d1', 'dd79c90b-6e50-4d78-a445-c8052b448786', false, '2025-06-09 04:34:25.395141', NULL);
INSERT INTO public.siak_pemetaan_cpl_cpmk (siak_capaian_mata_kuliah_id, siak_capaian_pembelajaran_id, is_deleted, created_at, updated_at) VALUES ('c3bed501-020d-4f91-bea2-d711b32313fc', '81155c6c-a144-47fa-9a81-e0289dd13c53', false, '2025-06-09 04:34:25.395141', NULL);
INSERT INTO public.siak_pemetaan_cpl_cpmk (siak_capaian_mata_kuliah_id, siak_capaian_pembelajaran_id, is_deleted, created_at, updated_at) VALUES ('607782f6-86ce-45e1-8012-36379fe7ed17', '73645676-ed0b-43b5-b623-36ac62b1aa19', false, '2025-06-09 04:34:25.395141', NULL);
INSERT INTO public.siak_pemetaan_cpl_cpmk (siak_capaian_mata_kuliah_id, siak_capaian_pembelajaran_id, is_deleted, created_at, updated_at) VALUES ('ba66325d-714e-484e-b514-811fb161224e', '8787b184-5d55-4c65-94fa-6b48ef379aa3', false, '2025-06-09 04:34:25.395141', NULL);
INSERT INTO public.siak_pemetaan_cpl_cpmk (siak_capaian_mata_kuliah_id, siak_capaian_pembelajaran_id, is_deleted, created_at, updated_at) VALUES ('01621aa0-1e42-4d89-a544-2f23a9e09bdf', '08e5c3d7-a901-4934-8a36-a94ceebba46e', false, '2025-06-09 04:34:25.395141', NULL);
INSERT INTO public.siak_pemetaan_cpl_cpmk (siak_capaian_mata_kuliah_id, siak_capaian_pembelajaran_id, is_deleted, created_at, updated_at) VALUES ('1cd7cb10-6c1a-4a7b-b312-3bc784b85602', 'f96c927b-9da4-43b5-a673-96cb5b579af1', false, '2025-06-09 04:34:25.395141', NULL);
INSERT INTO public.siak_pemetaan_cpl_cpmk (siak_capaian_mata_kuliah_id, siak_capaian_pembelajaran_id, is_deleted, created_at, updated_at) VALUES ('7bdc892d-ca39-4565-8825-8b9d3966ed76', '6d104404-fab8-4c90-a078-3f9c16c98416', false, '2025-06-09 04:34:25.395141', NULL);
INSERT INTO public.siak_pemetaan_cpl_cpmk (siak_capaian_mata_kuliah_id, siak_capaian_pembelajaran_id, is_deleted, created_at, updated_at) VALUES ('b9c8e9a9-c531-4463-a0cd-07b003dc1f82', '03519141-8529-4dc3-b64d-0633a069b230', false, '2025-06-09 04:34:25.395141', NULL);
INSERT INTO public.siak_pemetaan_cpl_cpmk (siak_capaian_mata_kuliah_id, siak_capaian_pembelajaran_id, is_deleted, created_at, updated_at) VALUES ('07e7a415-2829-4ac2-9a0e-1dbf01d1df94', 'f980ea44-d3c5-4ee3-a268-78ab39e867a7', false, '2025-06-09 04:34:25.395141', NULL);
INSERT INTO public.siak_pemetaan_cpl_cpmk (siak_capaian_mata_kuliah_id, siak_capaian_pembelajaran_id, is_deleted, created_at, updated_at) VALUES ('cb7e3393-a3c0-4e34-bcd7-e1253bbb09f7', '68ebb5aa-ca9b-4376-94dd-bfecb76c4c7c', false, '2025-06-09 04:34:25.395141', NULL);


--
-- Data for Name: siak_profil_lulusan; Type: TABLE DATA; Schema: public; Owner: postgres
--

INSERT INTO public.siak_profil_lulusan (id, siak_program_studi_id, siak_tahun_kurikulum_id, kode_pl, profil, profesi, deskripsi_pl, is_deleted, created_at, updated_at) VALUES ('c2711c0d-c822-4e71-a0ff-f11517fbe6ba', '14bab8ca-c3ab-44f2-88f5-e5065144c9e2', '8f383ece-dbd7-4412-8dd9-a7464519dca5', 'PL01', 'Lorem 1', 'Lorem 1', 'Lorem 1', false, '2025-06-09 04:26:48.249688', NULL);
INSERT INTO public.siak_profil_lulusan (id, siak_program_studi_id, siak_tahun_kurikulum_id, kode_pl, profil, profesi, deskripsi_pl, is_deleted, created_at, updated_at) VALUES ('d720efa4-a292-4702-9361-c51b1dfdf133', '14bab8ca-c3ab-44f2-88f5-e5065144c9e2', '8f383ece-dbd7-4412-8dd9-a7464519dca5', 'PL02', 'Lorem 2', 'Lorem 2', 'Lorem 2', false, '2025-06-09 04:26:48.249688', NULL);
INSERT INTO public.siak_profil_lulusan (id, siak_program_studi_id, siak_tahun_kurikulum_id, kode_pl, profil, profesi, deskripsi_pl, is_deleted, created_at, updated_at) VALUES ('81d0b2bd-2afb-4c0f-bff2-e14b9c5f3e2d', '14bab8ca-c3ab-44f2-88f5-e5065144c9e2', '8f383ece-dbd7-4412-8dd9-a7464519dca5', 'PL03', 'Lorem 3', 'Lorem 3', 'Lorem 3', false, '2025-06-09 04:26:48.249688', NULL);
INSERT INTO public.siak_profil_lulusan (id, siak_program_studi_id, siak_tahun_kurikulum_id, kode_pl, profil, profesi, deskripsi_pl, is_deleted, created_at, updated_at) VALUES ('cd729801-09fc-4409-a07c-1a556c0745df', '14bab8ca-c3ab-44f2-88f5-e5065144c9e2', '8f383ece-dbd7-4412-8dd9-a7464519dca5', 'PL04', 'Lorem 4', 'Lorem 4', 'Lorem 4', false, '2025-06-09 04:26:48.249688', NULL);
INSERT INTO public.siak_profil_lulusan (id, siak_program_studi_id, siak_tahun_kurikulum_id, kode_pl, profil, profesi, deskripsi_pl, is_deleted, created_at, updated_at) VALUES ('d4fd586c-62ca-468b-9b44-f5208f92efde', '14bab8ca-c3ab-44f2-88f5-e5065144c9e2', '8f383ece-dbd7-4412-8dd9-a7464519dca5', 'PL05', 'Lorem 5', 'Lorem 5', 'Lorem 5', false, '2025-06-09 04:26:48.249688', NULL);
INSERT INTO public.siak_profil_lulusan (id, siak_program_studi_id, siak_tahun_kurikulum_id, kode_pl, profil, profesi, deskripsi_pl, is_deleted, created_at, updated_at) VALUES ('ca02092c-6c7b-4c02-8e91-0f5a1224d76d', '14bab8ca-c3ab-44f2-88f5-e5065144c9e2', '8f383ece-dbd7-4412-8dd9-a7464519dca5', 'PL06', 'Lorem 6', 'Lorem 6', 'Lorem 6', false, '2025-06-09 04:26:48.249688', NULL);
INSERT INTO public.siak_profil_lulusan (id, siak_program_studi_id, siak_tahun_kurikulum_id, kode_pl, profil, profesi, deskripsi_pl, is_deleted, created_at, updated_at) VALUES ('e9323eff-c2ae-423d-b213-c23a0bacc85f', '14bab8ca-c3ab-44f2-88f5-e5065144c9e2', '8f383ece-dbd7-4412-8dd9-a7464519dca5', 'PL07', 'Lorem 7', 'Lorem 7', 'Lorem 7', false, '2025-06-09 04:26:48.249688', NULL);
INSERT INTO public.siak_profil_lulusan (id, siak_program_studi_id, siak_tahun_kurikulum_id, kode_pl, profil, profesi, deskripsi_pl, is_deleted, created_at, updated_at) VALUES ('ddb3f262-48ca-4538-9f30-b391f51ace7d', '14bab8ca-c3ab-44f2-88f5-e5065144c9e2', '8f383ece-dbd7-4412-8dd9-a7464519dca5', 'PL08', 'Lorem 8', 'Lorem 8', 'Lorem 8', false, '2025-06-09 04:26:48.249688', NULL);
INSERT INTO public.siak_profil_lulusan (id, siak_program_studi_id, siak_tahun_kurikulum_id, kode_pl, profil, profesi, deskripsi_pl, is_deleted, created_at, updated_at) VALUES ('65319429-1bf4-4243-bbfd-64d1f520b035', '14bab8ca-c3ab-44f2-88f5-e5065144c9e2', '8f383ece-dbd7-4412-8dd9-a7464519dca5', 'PL09', 'Lorem 9', 'Lorem 9', 'Lorem 9', false, '2025-06-09 04:26:48.249688', NULL);
INSERT INTO public.siak_profil_lulusan (id, siak_program_studi_id, siak_tahun_kurikulum_id, kode_pl, profil, profesi, deskripsi_pl, is_deleted, created_at, updated_at) VALUES ('5f276ff0-7073-4fc5-9037-436d631b429e', '14bab8ca-c3ab-44f2-88f5-e5065144c9e2', '8f383ece-dbd7-4412-8dd9-a7464519dca5', 'PL10', 'Lorem 10', 'Lorem 10', 'Lorem 10', false, '2025-06-09 04:26:48.249688', NULL);


--
-- Data for Name: siak_pemetaan_pl_cpl; Type: TABLE DATA; Schema: public; Owner: postgres
--

INSERT INTO public.siak_pemetaan_pl_cpl (siak_profil_lulusan_id, siak_capaian_pembelajaran_id, is_deleted, created_at, updated_at) VALUES ('c2711c0d-c822-4e71-a0ff-f11517fbe6ba', 'c5f86e4e-0f6d-4e7c-ae0a-dc88e2284b07', false, '2025-06-09 04:30:20.462062', NULL);
INSERT INTO public.siak_pemetaan_pl_cpl (siak_profil_lulusan_id, siak_capaian_pembelajaran_id, is_deleted, created_at, updated_at) VALUES ('d720efa4-a292-4702-9361-c51b1dfdf133', '851dcbdf-4cdc-4d25-8fcc-d45c2256f2ea', false, '2025-06-09 04:30:20.462062', NULL);
INSERT INTO public.siak_pemetaan_pl_cpl (siak_profil_lulusan_id, siak_capaian_pembelajaran_id, is_deleted, created_at, updated_at) VALUES ('81d0b2bd-2afb-4c0f-bff2-e14b9c5f3e2d', 'ce3b9268-fe4c-4f20-bc3a-4e273f915dd0', false, '2025-06-09 04:30:20.462062', NULL);
INSERT INTO public.siak_pemetaan_pl_cpl (siak_profil_lulusan_id, siak_capaian_pembelajaran_id, is_deleted, created_at, updated_at) VALUES ('cd729801-09fc-4409-a07c-1a556c0745df', '81155c6c-a144-47fa-9a81-e0289dd13c53', false, '2025-06-09 04:30:20.462062', NULL);
INSERT INTO public.siak_pemetaan_pl_cpl (siak_profil_lulusan_id, siak_capaian_pembelajaran_id, is_deleted, created_at, updated_at) VALUES ('d4fd586c-62ca-468b-9b44-f5208f92efde', '73645676-ed0b-43b5-b623-36ac62b1aa19', false, '2025-06-09 04:30:20.462062', NULL);
INSERT INTO public.siak_pemetaan_pl_cpl (siak_profil_lulusan_id, siak_capaian_pembelajaran_id, is_deleted, created_at, updated_at) VALUES ('ca02092c-6c7b-4c02-8e91-0f5a1224d76d', '8787b184-5d55-4c65-94fa-6b48ef379aa3', false, '2025-06-09 04:30:20.462062', NULL);
INSERT INTO public.siak_pemetaan_pl_cpl (siak_profil_lulusan_id, siak_capaian_pembelajaran_id, is_deleted, created_at, updated_at) VALUES ('e9323eff-c2ae-423d-b213-c23a0bacc85f', '08e5c3d7-a901-4934-8a36-a94ceebba46e', false, '2025-06-09 04:30:20.462062', NULL);
INSERT INTO public.siak_pemetaan_pl_cpl (siak_profil_lulusan_id, siak_capaian_pembelajaran_id, is_deleted, created_at, updated_at) VALUES ('ddb3f262-48ca-4538-9f30-b391f51ace7d', 'f96c927b-9da4-43b5-a673-96cb5b579af1', false, '2025-06-09 04:30:20.462062', NULL);
INSERT INTO public.siak_pemetaan_pl_cpl (siak_profil_lulusan_id, siak_capaian_pembelajaran_id, is_deleted, created_at, updated_at) VALUES ('65319429-1bf4-4243-bbfd-64d1f520b035', '6d104404-fab8-4c90-a078-3f9c16c98416', false, '2025-06-09 04:30:20.462062', NULL);
INSERT INTO public.siak_pemetaan_pl_cpl (siak_profil_lulusan_id, siak_capaian_pembelajaran_id, is_deleted, created_at, updated_at) VALUES ('5f276ff0-7073-4fc5-9037-436d631b429e', '03519141-8529-4dc3-b64d-0633a069b230', false, '2025-06-09 04:30:20.462062', NULL);
INSERT INTO public.siak_pemetaan_pl_cpl (siak_profil_lulusan_id, siak_capaian_pembelajaran_id, is_deleted, created_at, updated_at) VALUES ('c2711c0d-c822-4e71-a0ff-f11517fbe6ba', 'f980ea44-d3c5-4ee3-a268-78ab39e867a7', false, '2025-06-09 04:30:20.462062', NULL);
INSERT INTO public.siak_pemetaan_pl_cpl (siak_profil_lulusan_id, siak_capaian_pembelajaran_id, is_deleted, created_at, updated_at) VALUES ('81d0b2bd-2afb-4c0f-bff2-e14b9c5f3e2d', '68ebb5aa-ca9b-4376-94dd-bfecb76c4c7c', false, '2025-06-09 04:30:20.462062', NULL);

--
-- Data for Name: siak_skala_penilaian; Type: TABLE DATA; Schema: public; Owner: postgres
--

INSERT INTO public.siak_skala_penilaian (id, siak_program_studi_id, siak_tahun_ajaran_id, huruf_mutu, angka_mutu, nilai_min, nilai_max, is_deleted, created_at, updated_at) VALUES ('2f8c59e0-304c-4fc2-aaa7-5461a62612ba', '14bab8ca-c3ab-44f2-88f5-e5065144c9e2', '0eb86e94-20d3-47e5-b26c-9564d236649f', 'A', 4.00, 80.00, 100.00, false, '2025-06-09 06:49:48.797804', NULL);
INSERT INTO public.siak_skala_penilaian (id, siak_program_studi_id, siak_tahun_ajaran_id, huruf_mutu, angka_mutu, nilai_min, nilai_max, is_deleted, created_at, updated_at) VALUES ('0f9cc38f-4945-470d-8842-031ce319c024', '14bab8ca-c3ab-44f2-88f5-e5065144c9e2', '0eb86e94-20d3-47e5-b26c-9564d236649f', 'AB', 3.50, 76.00, 79.00, false, '2025-06-09 06:49:48.797804', NULL);
INSERT INTO public.siak_skala_penilaian (id, siak_program_studi_id, siak_tahun_ajaran_id, huruf_mutu, angka_mutu, nilai_min, nilai_max, is_deleted, created_at, updated_at) VALUES ('c5d968c0-75b8-4df5-bef0-18cf636e2d85', '14bab8ca-c3ab-44f2-88f5-e5065144c9e2', '0eb86e94-20d3-47e5-b26c-9564d236649f', 'B', 3.00, 70.00, 75.00, false, '2025-06-09 06:49:48.797804', NULL);
INSERT INTO public.siak_skala_penilaian (id, siak_program_studi_id, siak_tahun_ajaran_id, huruf_mutu, angka_mutu, nilai_min, nilai_max, is_deleted, created_at, updated_at) VALUES ('81e45140-6154-47e6-901f-e211b298d12f', '14bab8ca-c3ab-44f2-88f5-e5065144c9e2', '0eb86e94-20d3-47e5-b26c-9564d236649f', 'BC', 2.50, 66.00, 69.00, false, '2025-06-09 06:49:48.797804', NULL);
INSERT INTO public.siak_skala_penilaian (id, siak_program_studi_id, siak_tahun_ajaran_id, huruf_mutu, angka_mutu, nilai_min, nilai_max, is_deleted, created_at, updated_at) VALUES ('4af7bd45-162e-459e-97b4-3224b9b6bba3', '14bab8ca-c3ab-44f2-88f5-e5065144c9e2', '0eb86e94-20d3-47e5-b26c-9564d236649f', 'C', 2.00, 61.00, 65.00, false, '2025-06-09 06:49:48.797804', NULL);
INSERT INTO public.siak_skala_penilaian (id, siak_program_studi_id, siak_tahun_ajaran_id, huruf_mutu, angka_mutu, nilai_min, nilai_max, is_deleted, created_at, updated_at) VALUES ('2d554cd3-51d0-49a0-bab1-ebcfcc7f3d67', '14bab8ca-c3ab-44f2-88f5-e5065144c9e2', '0eb86e94-20d3-47e5-b26c-9564d236649f', 'CD', 1.50, 51.00, 60.00, false, '2025-06-09 06:49:48.797804', NULL);
INSERT INTO public.siak_skala_penilaian (id, siak_program_studi_id, siak_tahun_ajaran_id, huruf_mutu, angka_mutu, nilai_min, nilai_max, is_deleted, created_at, updated_at) VALUES ('3896a588-6b07-4ff3-9610-45beaaf5a2d4', '14bab8ca-c3ab-44f2-88f5-e5065144c9e2', '0eb86e94-20d3-47e5-b26c-9564d236649f', 'D', 5.00, 41.00, 50.00, false, '2025-06-09 06:49:48.797804', NULL);
INSERT INTO public.siak_skala_penilaian (id, siak_program_studi_id, siak_tahun_ajaran_id, huruf_mutu, angka_mutu, nilai_min, nilai_max, is_deleted, created_at, updated_at) VALUES ('72272a5b-18c3-43a6-8ec8-364a61eda361', '14bab8ca-c3ab-44f2-88f5-e5065144c9e2', '0eb86e94-20d3-47e5-b26c-9564d236649f', 'E', 0.00, 0.00, 40.00, false, '2025-06-09 06:49:48.797804', NULL);


--
-- Data for Name: siak_team_penyusun_rps; Type: TABLE DATA; Schema: public; Owner: postgres
--

INSERT INTO public.siak_team_penyusun_rps (siak_rps_id, siak_dosen_id, is_deleted, created_at, updated_at) VALUES ('259defba-1a70-41b2-814f-34024c6ec169', 'b8d29f80-bb00-4d66-9257-645f303fffb3', false, '2025-06-09 04:39:36.943686', NULL);
INSERT INTO public.siak_team_penyusun_rps (siak_rps_id, siak_dosen_id, is_deleted, created_at, updated_at) VALUES ('b8c96e0a-1122-4404-9496-48bb7f761176', 'b19fae83-6934-4ffd-aae5-cab6760f6788', false, '2025-06-09 04:39:36.943686', NULL);
INSERT INTO public.siak_team_penyusun_rps (siak_rps_id, siak_dosen_id, is_deleted, created_at, updated_at) VALUES ('4290e691-9b80-4c9c-8bdf-c66d2cf007c6', '004345c6-cc13-4fb2-9973-6fa62a356fb2', false, '2025-06-09 04:39:36.943686', NULL);
INSERT INTO public.siak_team_penyusun_rps (siak_rps_id, siak_dosen_id, is_deleted, created_at, updated_at) VALUES ('413950e1-0f43-4d12-ad70-165e3dbd40e7', 'b224c7d0-d550-4e64-8862-70b4a767f25f', false, '2025-06-09 04:39:36.943686', NULL);


--
-- Data for Name: siak_user_role; Type: TABLE DATA; Schema: public; Owner: postgres
--

INSERT INTO public.siak_user_role (siak_user_id, siak_role_id, created_at, updated_at) VALUES ('6cd43c15-77b6-4d35-acf4-1c772212e245', '00000000-0000-0000-0008-000000000008', '2025-06-08 11:18:40.043432', NULL);
INSERT INTO public.siak_user_role (siak_user_id, siak_role_id, created_at, updated_at) VALUES ('cac6fe1e-cf14-4adb-bd77-d3a8b9208124', '00000000-0000-0000-0008-000000000008', '2025-06-08 11:18:40.043432', NULL);
INSERT INTO public.siak_user_role (siak_user_id, siak_role_id, created_at, updated_at) VALUES ('85517def-ae89-4563-b6b2-44be84dabd7a', '00000000-0000-0000-0008-000000000008', '2025-06-08 11:18:40.043432', NULL);
INSERT INTO public.siak_user_role (siak_user_id, siak_role_id, created_at, updated_at) VALUES ('2efe68b2-1ea1-4ace-8af3-c5b5b8355117', '00000000-0000-0000-0008-000000000008', '2025-06-08 11:18:40.043432', NULL);
INSERT INTO public.siak_user_role (siak_user_id, siak_role_id, created_at, updated_at) VALUES ('aed121cc-0e56-4055-8481-ae926a49b7f5', '00000000-0000-0000-0007-000000000007', '2025-06-09 04:41:45.961071', NULL);
INSERT INTO public.siak_user_role (siak_user_id, siak_role_id, created_at, updated_at) VALUES ('85eedcff-92b8-41b2-967c-f49a1d0b45d2', '00000000-0000-0000-0007-000000000007', '2025-06-09 04:41:45.961071', NULL);
INSERT INTO public.siak_user_role (siak_user_id, siak_role_id, created_at, updated_at) VALUES ('db4751fb-69f4-4d1b-862d-0571787be175', '00000000-0000-0000-0007-000000000007', '2025-06-09 04:41:45.961071', NULL);
INSERT INTO public.siak_user_role (siak_user_id, siak_role_id, created_at, updated_at) VALUES ('cedb4073-15ea-40cb-8c67-4193ffd958bf', '00000000-0000-0000-0007-000000000007', '2025-06-09 04:41:45.961071', NULL);
INSERT INTO public.siak_user_role (siak_user_id, siak_role_id, created_at, updated_at) VALUES ('5e5fa489-7197-4d0e-a0ad-5f7c31bb804e', '00000000-0000-0000-0007-000000000007', '2025-06-09 04:41:45.961071', NULL);
